State,YEAR,ANNUAL
ANDHRA PRADESH,1901,1707.8
ANDHRA PRADESH,1902,1882.0
ANDHRA PRADESH,1903,2454.4
ANDHRA PRADESH,1904,1293.6
ANDHRA PRADESH,1905,1498.6
ANDHRA PRADESH,1906,1934.1
ANDHRA PRADESH,1907,1458.3
ANDHRA PRADESH,1908,1459.4
ANDHRA PRADESH,1909,1738.2
ANDHRA PRADESH,1910,2255.7
ANDHRA PRADESH,1911,1410.1
ANDHRA PRADESH,1912,1649.1
ANDHRA PRADESH,1913,1457.3
ANDHRA PRADESH,1914,1691.5
ANDHRA PRADESH,1915,2270.5
ANDHRA PRADESH,1916,2398.2
ANDHRA PRADESH,1917,2222.7
ANDHRA PRADESH,1918,1423.8
ANDHRA PRADESH,1919,2031.9
ANDHRA PRADESH,1920,1398.3
ANDHRA PRADESH,1921,1758.6
ANDHRA PRADESH,1922,1623.6
ANDHRA PRADESH,1923,1642.2
ANDHRA PRADESH,1924,1866.3
ANDHRA PRADESH,1925,2104.0
ANDHRA PRADESH,1926,1553.3000000000002
ANDHRA PRADESH,1927,1735.0
ANDHRA PRADESH,1928,1812.6
ANDHRA PRADESH,1929,1555.7
ANDHRA PRADESH,1930,2218.2
ANDHRA PRADESH,1931,2006.3
ANDHRA PRADESH,1932,1607.3
ANDHRA PRADESH,1933,1765.5
ANDHRA PRADESH,1934,1495.7
ANDHRA PRADESH,1935,1533.4
ANDHRA PRADESH,1936,2024.3000000000002
ANDHRA PRADESH,1937,1667.6
ANDHRA PRADESH,1938,1880.6
ANDHRA PRADESH,1939,1868.5
ANDHRA PRADESH,1940,1973.6
ANDHRA PRADESH,1941,1680.0
ANDHRA PRADESH,1942,1416.6999999999998
ANDHRA PRADESH,1943,2014.4
ANDHRA PRADESH,1944,2073.3
ANDHRA PRADESH,1945,1595.6
ANDHRA PRADESH,1946,1923.9
ANDHRA PRADESH,1947,1750.5
ANDHRA PRADESH,1948,1633.5
ANDHRA PRADESH,1949,2043.8
ANDHRA PRADESH,1950,1496.9
ANDHRA PRADESH,1951,1634.5
ANDHRA PRADESH,1952,1617.9
ANDHRA PRADESH,1953,1785.7
ANDHRA PRADESH,1954,1938.9
ANDHRA PRADESH,1955,2195.3
ANDHRA PRADESH,1956,2339.5
ANDHRA PRADESH,1957,1589.3000000000002
ANDHRA PRADESH,1958,2413.7
ANDHRA PRADESH,1959,1756.5
ANDHRA PRADESH,1960,1687.6
ANDHRA PRADESH,1961,1770.7
ANDHRA PRADESH,1962,2161.8
ANDHRA PRADESH,1963,1733.0
ANDHRA PRADESH,1964,1852.6
ANDHRA PRADESH,1965,1350.1
ANDHRA PRADESH,1966,1858.8000000000002
ANDHRA PRADESH,1967,1580.7
ANDHRA PRADESH,1968,1462.8
ANDHRA PRADESH,1969,2122.1
ANDHRA PRADESH,1970,1840.6
ANDHRA PRADESH,1971,1654.3000000000002
ANDHRA PRADESH,1972,1854.5
ANDHRA PRADESH,1973,1548.6
ANDHRA PRADESH,1974,1673.4
ANDHRA PRADESH,1975,2234.0
ANDHRA PRADESH,1976,1907.3
ANDHRA PRADESH,1977,1999.4
ANDHRA PRADESH,1978,1907.6
ANDHRA PRADESH,1979,1747.5
ANDHRA PRADESH,1980,1588.5
ANDHRA PRADESH,1981,1714.5
ANDHRA PRADESH,1982,1484.1
ANDHRA PRADESH,1983,2139.0
ANDHRA PRADESH,1984,1518.2
ANDHRA PRADESH,1985,1653.4
ANDHRA PRADESH,1986,1590.6
ANDHRA PRADESH,1987,1849.4
ANDHRA PRADESH,1988,2007.1
ANDHRA PRADESH,1989,1723.7
ANDHRA PRADESH,1990,2541.8
ANDHRA PRADESH,1991,2089.6
ANDHRA PRADESH,1992,1597.0
ANDHRA PRADESH,1993,1756.8000000000002
ANDHRA PRADESH,1994,1845.6
ANDHRA PRADESH,1995,2226.3
ANDHRA PRADESH,1996,2488.6000000000004
ANDHRA PRADESH,1997,1807.1
ANDHRA PRADESH,1998,2258.9
ANDHRA PRADESH,1999,1362.3000000000002
ANDHRA PRADESH,2000,1863.6
ANDHRA PRADESH,2001,1933.8
ANDHRA PRADESH,2002,1318.4
ANDHRA PRADESH,2003,1822.3
ANDHRA PRADESH,2004,1615.3000000000002
ANDHRA PRADESH,2005,2288.0
ANDHRA PRADESH,2006,1797.6999999999998
ANDHRA PRADESH,2007,2079.8
ANDHRA PRADESH,2008,1905.5
ANDHRA PRADESH,2009,1478.7
ANDHRA PRADESH,2010,2675.9
ANDHRA PRADESH,2011,1599.9
ANDHRA PRADESH,2012,2033.4
ANDHRA PRADESH,2013,1883.1
ANDHRA PRADESH,2014,1426.6999999999998
ANDHRA PRADESH,2015,2058.0
Assam,1901,2498.6
Assam,1902,2952.1
Assam,1903,2544.7
Assam,1904,2664.1
Assam,1905,2790.6
Assam,1906,2663.4
Assam,1907,2521.1
Assam,1908,2277.8
Assam,1909,2377.0
Assam,1910,2887.3
Assam,1911,3096.2
Assam,1912,2743.5
Assam,1913,2760.5
Assam,1914,2343.8
Assam,1915,3165.1
Assam,1916,2601.1
Assam,1917,2519.9
Assam,1918,3106.8
Assam,1919,2344.2
Assam,1920,2623.6
Assam,1921,2999.7
Assam,1922,2261.9
Assam,1923,2440.6
Assam,1924,2691.4
Assam,1925,2550.5
Assam,1926,2511.7
Assam,1927,2793.1
Assam,1928,2634.3
Assam,1929,2953.8
Assam,1930,2550.7
Assam,1931,2800.1
Assam,1932,2888.7
Assam,1933,2339.1
Assam,1934,3074.9
Assam,1935,2678.4
Assam,1936,2671.3
Assam,1937,2324.6
Assam,1938,2786.5
Assam,1939,2401.6
Assam,1940,2451.6
Assam,1941,2709.5
Assam,1942,2677.0
Assam,1943,2703.7
Assam,1944,2524.3
Assam,1945,2665.7
Assam,1946,2679.5
Assam,1947,2643.3
Assam,1948,3185.4
Assam,1949,2983.4
Assam,1950,2392.4
Assam,1951,2613.8
Assam,1952,2851.3
Assam,1953,2559.9
Assam,1954,2859.1
Assam,1955,2761.2
Assam,1956,2802.9
Assam,1957,2257.2
Assam,1958,2626.4
Assam,1959,2535.8
Assam,1960,2342.2
Assam,1961,2195.3
Assam,1962,2295.9
Assam,1963,2511.8
Assam,1964,2729.6
Assam,1965,2398.9
Assam,1966,2789.3
Assam,1967,2123.4
Assam,1968,2530.8
Assam,1969,2332.2
Assam,1970,3048.4
Assam,1971,2315.1
Assam,1972,2379.1
Assam,1973,2672.1
Assam,1974,3403.5
Assam,1975,2270.6
Assam,1976,1956.0
Assam,1977,2616.6
Assam,1978,2011.9
Assam,1979,2188.5
Assam,1980,2289.2
Assam,1981,2079.3
Assam,1982,2382.2
Assam,1983,2620.0
Assam,1984,3157.0
Assam,1985,2801.6
Assam,1986,2592.8
Assam,1987,2921.4
Assam,1988,3261.7
Assam,1989,2682.1
Assam,1990,2771.2
Assam,1991,2838.0
Assam,1992,2259.8
Assam,1993,2879.2
Assam,1994,2121.3
Assam,1995,2886.1
Assam,1996,2466.9
Assam,1997,2372.2
Assam,1998,2803.1
Assam,1999,2594.2
Assam,2000,2487.0
Assam,2001,2178.4
Assam,2002,2392.7
Assam,2003,2434.1
Assam,2004,2994.3
Assam,2005,2468.3
Assam,2006,1898.6
Assam,2007,2752.8
Assam,2008,2339.7
Assam,2009,2068.2
Assam,2010,2711.5
Assam,2011,1743.4
Assam,2012,2609.4
Assam,2013,1816.4
Assam,2014,2206.1
Assam,2015,2470.9
BIHAR,1901,952.3
BIHAR,1902,1206.2
BIHAR,1903,1016.3
BIHAR,1904,1269.5
BIHAR,1905,1498.5
BIHAR,1906,1265.1
BIHAR,1907,1126.4
BIHAR,1908,737.5
BIHAR,1909,1390.5
BIHAR,1910,1398.5
BIHAR,1911,1449.2
BIHAR,1912,1129.4
BIHAR,1913,1529.7
BIHAR,1914,1059.8
BIHAR,1915,1349.4
BIHAR,1916,1504.6
BIHAR,1917,1334.1
BIHAR,1918,1411.7
BIHAR,1919,1252.7
BIHAR,1920,1123.9
BIHAR,1921,1272.2
BIHAR,1922,1449.2
BIHAR,1923,982.8
BIHAR,1924,1456.3
BIHAR,1925,1191.5
BIHAR,1926,1121.8
BIHAR,1927,1100.2
BIHAR,1928,1249.8
BIHAR,1929,1359.2
BIHAR,1930,1114.3
BIHAR,1931,1146.3
BIHAR,1932,926.9
BIHAR,1933,1392.6
BIHAR,1934,1226.1
BIHAR,1935,1240.4
BIHAR,1936,1572.5
BIHAR,1937,1306.4
BIHAR,1938,1506.7
BIHAR,1939,1243.2
BIHAR,1940,1088.3
BIHAR,1941,1223.1
BIHAR,1942,1252.5
BIHAR,1943,1169.9
BIHAR,1944,1228.8
BIHAR,1945,1242.9
BIHAR,1946,1393.7
BIHAR,1947,1092.1
BIHAR,1948,1299.2
BIHAR,1949,1444.4
BIHAR,1950,1124.6
BIHAR,1951,850.2
BIHAR,1952,1206.8
BIHAR,1953,1378.7
BIHAR,1954,1050.5
BIHAR,1955,1244.2
BIHAR,1956,1493.4
BIHAR,1957,966.9
BIHAR,1958,1167.4
BIHAR,1959,1179.6
BIHAR,1960,1247.9
BIHAR,1961,1258.1
BIHAR,1962,1178.1
BIHAR,1963,1326.1
BIHAR,1964,1122.5
BIHAR,1965,1002.7
BIHAR,1966,767.0
BIHAR,1967,999.9
BIHAR,1968,1140.1
BIHAR,1969,1288.6
BIHAR,1970,1074.7
BIHAR,1971,1432.6
BIHAR,1972,717.9
BIHAR,1973,1189.0
BIHAR,1974,1235.2
BIHAR,1975,1069.1
BIHAR,1976,1161.7
BIHAR,1977,1147.5
BIHAR,1978,1290.8
BIHAR,1979,1001.9
BIHAR,1980,1252.2
BIHAR,1981,1364.7
BIHAR,1982,933.5
BIHAR,1983,1104.2
BIHAR,1984,1426.2
BIHAR,1985,1455.0
BIHAR,1986,1322.1
BIHAR,1987,1660.4
BIHAR,1988,1337.4
BIHAR,1989,1269.9
BIHAR,1990,1239.4
BIHAR,1991,1045.7
BIHAR,1992,797.6
BIHAR,1993,1208.3
BIHAR,1994,969.4
BIHAR,1995,1111.9
BIHAR,1996,1107.2
BIHAR,1997,1303.7
BIHAR,1998,1332.5
BIHAR,1999,1402.7
BIHAR,2000,1207.0
BIHAR,2001,1247.0
BIHAR,2002,1105.8
BIHAR,2003,1353.9
BIHAR,2004,1147.8
BIHAR,2005,907.8
BIHAR,2006,1052.8
BIHAR,2007,1600.2
BIHAR,2008,1197.7
BIHAR,2009,889.3
BIHAR,2010,629.2
BIHAR,2011,1097.1
BIHAR,2012,1032.4
BIHAR,2013,1069.9
BIHAR,2014,1061.0
BIHAR,2015,872.7
CHHATTISGARH,1901,1387.0
CHHATTISGARH,1902,923.9
CHHATTISGARH,1903,1331.2
CHHATTISGARH,1904,1492.4
CHHATTISGARH,1905,1251.1
CHHATTISGARH,1906,1394.6
CHHATTISGARH,1907,1308.8
CHHATTISGARH,1908,1488.7
CHHATTISGARH,1909,1284.1
CHHATTISGARH,1910,1407.2
CHHATTISGARH,1911,1504.1
CHHATTISGARH,1912,1227.0
CHHATTISGARH,1913,1234.6
CHHATTISGARH,1914,1418.1
CHHATTISGARH,1915,1455.9
CHHATTISGARH,1916,1443.0
CHHATTISGARH,1917,1727.7
CHHATTISGARH,1918,1377.2
CHHATTISGARH,1919,1859.0
CHHATTISGARH,1920,1203.4
CHHATTISGARH,1921,1319.4
CHHATTISGARH,1922,1308.8
CHHATTISGARH,1923,1387.2
CHHATTISGARH,1924,1334.2
CHHATTISGARH,1925,1737.1
CHHATTISGARH,1926,1634.9
CHHATTISGARH,1927,1537.1
CHHATTISGARH,1928,1219.2
CHHATTISGARH,1929,1663.8
CHHATTISGARH,1930,1383.5
CHHATTISGARH,1931,1467.0
CHHATTISGARH,1932,1357.6
CHHATTISGARH,1933,1650.6
CHHATTISGARH,1934,1529.2
CHHATTISGARH,1935,1269.2
CHHATTISGARH,1936,1826.2
CHHATTISGARH,1937,1616.8
CHHATTISGARH,1938,1505.8
CHHATTISGARH,1939,1480.3
CHHATTISGARH,1940,1448.4
CHHATTISGARH,1941,1005.1
CHHATTISGARH,1942,1598.3
CHHATTISGARH,1943,1645.1
CHHATTISGARH,1944,1792.7
CHHATTISGARH,1945,1585.6
CHHATTISGARH,1946,1599.0
CHHATTISGARH,1947,1599.6
CHHATTISGARH,1948,1491.7
CHHATTISGARH,1949,1499.6
CHHATTISGARH,1950,1292.2
CHHATTISGARH,1951,1411.6
CHHATTISGARH,1952,1396.4
CHHATTISGARH,1953,1370.2
CHHATTISGARH,1954,1193.7
CHHATTISGARH,1955,1440.7
CHHATTISGARH,1956,1557.0
CHHATTISGARH,1957,1222.4
CHHATTISGARH,1958,1520.9
CHHATTISGARH,1959,1544.2
CHHATTISGARH,1960,1364.3
CHHATTISGARH,1961,1974.0
CHHATTISGARH,1962,1124.7
CHHATTISGARH,1963,1337.2
CHHATTISGARH,1964,1509.1
CHHATTISGARH,1965,941.6
CHHATTISGARH,1966,1087.1
CHHATTISGARH,1967,1472.5
CHHATTISGARH,1968,1168.0
CHHATTISGARH,1969,1172.6
CHHATTISGARH,1970,1501.5
CHHATTISGARH,1971,1533.8
CHHATTISGARH,1972,1198.9
CHHATTISGARH,1973,1467.3
CHHATTISGARH,1974,951.0
CHHATTISGARH,1975,1475.5
CHHATTISGARH,1976,1379.3
CHHATTISGARH,1977,1465.5
CHHATTISGARH,1978,1370.4
CHHATTISGARH,1979,904.6
CHHATTISGARH,1980,1495.4
CHHATTISGARH,1981,1216.2
CHHATTISGARH,1982,1197.4
CHHATTISGARH,1983,1371.9
CHHATTISGARH,1984,1254.7
CHHATTISGARH,1985,1237.5
CHHATTISGARH,1986,1368.6
CHHATTISGARH,1987,1142.8
CHHATTISGARH,1988,1206.3
CHHATTISGARH,1989,1187.2
CHHATTISGARH,1990,1643.8
CHHATTISGARH,1991,1220.8
CHHATTISGARH,1992,1156.6
CHHATTISGARH,1993,1205.3
CHHATTISGARH,1994,1754.5
CHHATTISGARH,1995,1280.7
CHHATTISGARH,1996,1187.0
CHHATTISGARH,1997,1317.2
CHHATTISGARH,1998,1332.5
CHHATTISGARH,1999,1322.6
CHHATTISGARH,2000,906.3
CHHATTISGARH,2001,1600.1
CHHATTISGARH,2002,990.2
CHHATTISGARH,2003,1694.3
CHHATTISGARH,2004,1144.5
CHHATTISGARH,2005,1287.2
CHHATTISGARH,2006,1317.7
CHHATTISGARH,2007,1281.2
CHHATTISGARH,2008,1108.5
CHHATTISGARH,2009,956.6
CHHATTISGARH,2010,1306.6
CHHATTISGARH,2011,1302.7
CHHATTISGARH,2012,1377.4
CHHATTISGARH,2013,1420.0
CHHATTISGARH,2014,1278.7
CHHATTISGARH,2015,1117.6
Chandigarh,1901,390.1
Chandigarh,1902,419.8
Chandigarh,1903,428.9
Chandigarh,1904,527.8
Chandigarh,1905,322.9
Chandigarh,1906,593.6
Chandigarh,1907,443.9
Chandigarh,1908,689.0
Chandigarh,1909,769.3
Chandigarh,1910,605.2
Chandigarh,1911,509.7
Chandigarh,1912,529.3
Chandigarh,1913,508.4
Chandigarh,1914,664.7
Chandigarh,1915,422.4
Chandigarh,1916,629.1
Chandigarh,1917,986.7
Chandigarh,1918,234.7
Chandigarh,1919,553.7
Chandigarh,1920,368.8
Chandigarh,1921,446.5
Chandigarh,1922,552.9
Chandigarh,1923,581.5
Chandigarh,1924,654.8
Chandigarh,1925,557.2
Chandigarh,1926,615.9
Chandigarh,1927,502.5
Chandigarh,1928,388.2
Chandigarh,1929,306.6
Chandigarh,1930,500.5
Chandigarh,1931,519.2
Chandigarh,1932,440.1
Chandigarh,1933,856.9
Chandigarh,1934,501.4
Chandigarh,1935,568.3
Chandigarh,1936,511.1
Chandigarh,1937,481.7
Chandigarh,1938,278.8
Chandigarh,1939,310.2
Chandigarh,1940,395.7
Chandigarh,1941,363.9
Chandigarh,1942,804.5
Chandigarh,1943,407.9
Chandigarh,1944,484.2
Chandigarh,1945,654.6
Chandigarh,1946,437.8
Chandigarh,1947,464.5
Chandigarh,1948,592.1
Chandigarh,1949,485.3
Chandigarh,1950,551.1
Chandigarh,1951,338.2
Chandigarh,1952,556.3
Chandigarh,1953,561.9
Chandigarh,1954,537.0
Chandigarh,1955,694.1
Chandigarh,1956,653.8
Chandigarh,1957,617.2
Chandigarh,1958,673.0
Chandigarh,1959,484.9
Chandigarh,1960,722.9
Chandigarh,1961,627.9
Chandigarh,1962,511.0
Chandigarh,1963,521.8
Chandigarh,1964,710.9
Chandigarh,1965,381.9
Chandigarh,1966,707.7
Chandigarh,1967,839.9
Chandigarh,1968,388.3
Chandigarh,1969,477.2
Chandigarh,1970,538.2
Chandigarh,1971,636.8
Chandigarh,1972,440.8
Chandigarh,1973,527.2
Chandigarh,1974,384.9
Chandigarh,1975,622.1
Chandigarh,1976,726.7
Chandigarh,1977,740.1
Chandigarh,1978,651.1
Chandigarh,1979,341.5
Chandigarh,1980,513.2
Chandigarh,1981,493.4
Chandigarh,1982,506.6
Chandigarh,1983,744.5
Chandigarh,1984,479.2
Chandigarh,1985,572.4
Chandigarh,1986,450.9
Chandigarh,1987,318.6
Chandigarh,1988,845.0
Chandigarh,1989,416.5
Chandigarh,1990,703.1
Chandigarh,1991,393.9
Chandigarh,1992,429.7
Chandigarh,1993,523.8
Chandigarh,1994,564.4
Chandigarh,1995,819.1
Chandigarh,1996,644.6
Chandigarh,1997,668.6
Chandigarh,1998,685.3
Chandigarh,1999,344.4
Chandigarh,2000,384.4
Chandigarh,2001,485.5
Chandigarh,2002,357.2
Chandigarh,2003,597.6
Chandigarh,2004,487.3
Chandigarh,2005,519.5
Chandigarh,2006,330.9
Chandigarh,2007,446.6
Chandigarh,2008,710.4
Chandigarh,2009,395.4
Chandigarh,2010,640.5
Chandigarh,2011,512.0
Chandigarh,2012,391.4
Chandigarh,2013,461.2
Chandigarh,2014,305.5
Chandigarh,2015,435.3
Delhi,1901,390.1
Delhi,1902,419.8
Delhi,1903,428.9
Delhi,1904,527.8
Delhi,1905,322.9
Delhi,1906,593.6
Delhi,1907,443.9
Delhi,1908,689.0
Delhi,1909,769.3
Delhi,1910,605.2
Delhi,1911,509.7
Delhi,1912,529.3
Delhi,1913,508.4
Delhi,1914,664.7
Delhi,1915,422.4
Delhi,1916,629.1
Delhi,1917,986.7
Delhi,1918,234.7
Delhi,1919,553.7
Delhi,1920,368.8
Delhi,1921,446.5
Delhi,1922,552.9
Delhi,1923,581.5
Delhi,1924,654.8
Delhi,1925,557.2
Delhi,1926,615.9
Delhi,1927,502.5
Delhi,1928,388.2
Delhi,1929,306.6
Delhi,1930,500.5
Delhi,1931,519.2
Delhi,1932,440.1
Delhi,1933,856.9
Delhi,1934,501.4
Delhi,1935,568.3
Delhi,1936,511.1
Delhi,1937,481.7
Delhi,1938,278.8
Delhi,1939,310.2
Delhi,1940,395.7
Delhi,1941,363.9
Delhi,1942,804.5
Delhi,1943,407.9
Delhi,1944,484.2
Delhi,1945,654.6
Delhi,1946,437.8
Delhi,1947,464.5
Delhi,1948,592.1
Delhi,1949,485.3
Delhi,1950,551.1
Delhi,1951,338.2
Delhi,1952,556.3
Delhi,1953,561.9
Delhi,1954,537.0
Delhi,1955,694.1
Delhi,1956,653.8
Delhi,1957,617.2
Delhi,1958,673.0
Delhi,1959,484.9
Delhi,1960,722.9
Delhi,1961,627.9
Delhi,1962,511.0
Delhi,1963,521.8
Delhi,1964,710.9
Delhi,1965,381.9
Delhi,1966,707.7
Delhi,1967,839.9
Delhi,1968,388.3
Delhi,1969,477.2
Delhi,1970,538.2
Delhi,1971,636.8
Delhi,1972,440.8
Delhi,1973,527.2
Delhi,1974,384.9
Delhi,1975,622.1
Delhi,1976,726.7
Delhi,1977,740.1
Delhi,1978,651.1
Delhi,1979,341.5
Delhi,1980,513.2
Delhi,1981,493.4
Delhi,1982,506.6
Delhi,1983,744.5
Delhi,1984,479.2
Delhi,1985,572.4
Delhi,1986,450.9
Delhi,1987,318.6
Delhi,1988,845.0
Delhi,1989,416.5
Delhi,1990,703.1
Delhi,1991,393.9
Delhi,1992,429.7
Delhi,1993,523.8
Delhi,1994,564.4
Delhi,1995,819.1
Delhi,1996,644.6
Delhi,1997,668.6
Delhi,1998,685.3
Delhi,1999,344.4
Delhi,2000,384.4
Delhi,2001,485.5
Delhi,2002,357.2
Delhi,2003,597.6
Delhi,2004,487.3
Delhi,2005,519.5
Delhi,2006,330.9
Delhi,2007,446.6
Delhi,2008,710.4
Delhi,2009,395.4
Delhi,2010,640.5
Delhi,2011,512.0
Delhi,2012,391.4
Delhi,2013,461.2
Delhi,2014,305.5
Delhi,2015,435.3
Goa,1901,2792.9
Goa,1902,2673.9
Goa,1903,3084.3
Goa,1904,2393.7
Goa,1905,1682.8
Goa,1906,2418.9
Goa,1907,2766.6
Goa,1908,2735.5
Goa,1909,2860.5
Goa,1910,2544.0
Goa,1911,2134.7
Goa,1912,2793.3
Goa,1913,2617.4
Goa,1914,3464.6
Goa,1915,2525.8
Goa,1916,3402.6
Goa,1917,3430.9
Goa,1918,1867.3
Goa,1919,2851.7
Goa,1920,1924.1
Goa,1921,2899.2
Goa,1922,2817.5
Goa,1923,2770.5
Goa,1924,2444.3
Goa,1925,2305.1
Goa,1926,3165.9
Goa,1927,2747.0
Goa,1928,3172.4
Goa,1929,2509.4
Goa,1930,2845.7
Goa,1931,3999.3
Goa,1932,2962.9
Goa,1933,3343.4
Goa,1934,3272.3
Goa,1935,2542.7
Goa,1936,2783.4
Goa,1937,3192.0
Goa,1938,3495.5
Goa,1939,2758.6
Goa,1940,3313.7
Goa,1941,1889.6
Goa,1942,3279.5
Goa,1943,3251.3
Goa,1944,2952.1
Goa,1945,3244.5
Goa,1946,3358.9
Goa,1947,3090.1
Goa,1948,3119.8
Goa,1949,3213.7
Goa,1950,2929.2
Goa,1951,2849.4
Goa,1952,2522.0
Goa,1953,3327.8
Goa,1954,3790.3
Goa,1955,3897.5
Goa,1956,3663.7
Goa,1957,3123.5
Goa,1958,4000.2
Goa,1959,3588.6
Goa,1960,3027.7
Goa,1961,3921.0
Goa,1962,3485.1
Goa,1963,3606.8
Goa,1964,3192.7
Goa,1965,3071.5
Goa,1966,2427.5
Goa,1967,2752.3
Goa,1968,2359.4
Goa,1969,3127.4
Goa,1970,3596.6
Goa,1971,2754.0
Goa,1972,1873.0
Goa,1973,2836.3
Goa,1974,3086.7
Goa,1975,3515.4
Goa,1976,3063.0
Goa,1977,3103.3
Goa,1978,2885.6
Goa,1979,2509.2
Goa,1980,2724.3
Goa,1981,3124.7
Goa,1982,2698.9
Goa,1983,3814.5
Goa,1984,2583.6
Goa,1985,2968.5
Goa,1986,2127.7
Goa,1987,2635.0
Goa,1988,3293.0
Goa,1989,2771.5
Goa,1990,3568.0
Goa,1991,2954.6
Goa,1992,2840.4
Goa,1993,3480.9
Goa,1994,3179.8
Goa,1995,2766.0
Goa,1996,2920.7
Goa,1997,3027.2
Goa,1998,3234.7
Goa,1999,2912.1
Goa,2000,3133.2
Goa,2001,2395.4
Goa,2002,2537.2
Goa,2003,2842.3
Goa,2004,2985.9
Goa,2005,3615.7
Goa,2006,3482.2
Goa,2007,3468.5
Goa,2008,3053.1
Goa,2009,2716.6
Goa,2010,3778.1
Goa,2011,3825.2
Goa,2012,3018.4
Goa,2013,3524.0
Goa,2014,2757.5
Goa,2015,2082.0
Gujarat,1901,735.5999999999999
Gujarat,1902,1265.0
Gujarat,1903,1410.4
Gujarat,1904,678.2
Gujarat,1905,1101.5
Gujarat,1906,1430.9
Gujarat,1907,1506.6
Gujarat,1908,1555.4
Gujarat,1909,1564.1999999999998
Gujarat,1910,1524.3000000000002
Gujarat,1911,543.9
Gujarat,1912,1771.1
Gujarat,1913,1914.5
Gujarat,1914,1684.6
Gujarat,1915,813.0999999999999
Gujarat,1916,1448.8
Gujarat,1917,2411.6000000000004
Gujarat,1918,510.20000000000005
Gujarat,1919,1512.5
Gujarat,1920,1199.0
Gujarat,1921,1770.9
Gujarat,1922,1213.6
Gujarat,1923,758.2
Gujarat,1924,1220.3
Gujarat,1925,933.7
Gujarat,1926,2175.9
Gujarat,1927,2061.6
Gujarat,1928,1247.8
Gujarat,1929,1098.1
Gujarat,1930,1344.9
Gujarat,1931,1434.3
Gujarat,1932,1399.1
Gujarat,1933,1895.0
Gujarat,1934,1378.0
Gujarat,1935,1281.0
Gujarat,1936,980.4
Gujarat,1937,1736.6999999999998
Gujarat,1938,1160.9
Gujarat,1939,785.0
Gujarat,1940,1226.6
Gujarat,1941,1363.6
Gujarat,1942,1529.0
Gujarat,1943,1439.4
Gujarat,1944,2058.2
Gujarat,1945,1910.1
Gujarat,1946,1621.1
Gujarat,1947,1342.1999999999998
Gujarat,1948,721.5999999999999
Gujarat,1949,1342.6
Gujarat,1950,1602.9
Gujarat,1951,763.5
Gujarat,1952,1177.4
Gujarat,1953,1762.1
Gujarat,1954,1847.8
Gujarat,1955,1360.8000000000002
Gujarat,1956,2105.7
Gujarat,1957,1046.3
Gujarat,1958,1674.6999999999998
Gujarat,1959,2581.6
Gujarat,1960,986.8
Gujarat,1961,1698.0
Gujarat,1962,1144.8
Gujarat,1963,1377.0
Gujarat,1964,1432.2
Gujarat,1965,1078.0
Gujarat,1966,1023.2
Gujarat,1967,1677.3000000000002
Gujarat,1968,982.6
Gujarat,1969,1079.0
Gujarat,1970,2189.6
Gujarat,1971,1282.8000000000002
Gujarat,1972,725.9
Gujarat,1973,1549.8999999999999
Gujarat,1974,606.0
Gujarat,1975,1874.8000000000002
Gujarat,1976,2245.6
Gujarat,1977,1871.8000000000002
Gujarat,1978,1424.4
Gujarat,1979,1859.9
Gujarat,1980,1457.8
Gujarat,1981,1819.2
Gujarat,1982,1159.6
Gujarat,1983,1972.3000000000002
Gujarat,1984,1297.3
Gujarat,1985,888.5
Gujarat,1986,800.3
Gujarat,1987,494.59999999999997
Gujarat,1988,1849.7
Gujarat,1989,1321.0
Gujarat,1990,1526.3000000000002
Gujarat,1991,891.4000000000001
Gujarat,1992,1501.8000000000002
Gujarat,1993,1254.1
Gujarat,1994,2407.3
Gujarat,1995,1058.4
Gujarat,1996,1277.1999999999998
Gujarat,1997,1669.1000000000001
Gujarat,1998,1636.9
Gujarat,1999,949.0999999999999
Gujarat,2000,836.7
Gujarat,2001,1359.2
Gujarat,2002,945.3000000000001
Gujarat,2003,1846.5
Gujarat,2004,1488.0
Gujarat,2005,1948.0
Gujarat,2006,2179.8
Gujarat,2007,2069.6000000000004
Gujarat,2008,1519.0
Gujarat,2009,1238.5
Gujarat,2010,2208.6000000000004
Gujarat,2011,1633.0
Gujarat,2012,1037.8
Gujarat,2013,1800.3999999999999
Gujarat,2014,1089.6
Gujarat,2015,1064.6
HIMACHAL PRADESH,1901,1345.1
HIMACHAL PRADESH,1902,951.6
HIMACHAL PRADESH,1903,993.3
HIMACHAL PRADESH,1904,987.6
HIMACHAL PRADESH,1905,930.2
HIMACHAL PRADESH,1906,1317.5
HIMACHAL PRADESH,1907,875.4
HIMACHAL PRADESH,1908,987.6
HIMACHAL PRADESH,1909,1077.0
HIMACHAL PRADESH,1910,1406.9
HIMACHAL PRADESH,1911,1333.8
HIMACHAL PRADESH,1912,1207.6
HIMACHAL PRADESH,1913,1119.3
HIMACHAL PRADESH,1914,1735.9
HIMACHAL PRADESH,1915,1236.8
HIMACHAL PRADESH,1916,1172.1
HIMACHAL PRADESH,1917,1703.6
HIMACHAL PRADESH,1918,984.7
HIMACHAL PRADESH,1919,1213.1
HIMACHAL PRADESH,1920,1084.8
HIMACHAL PRADESH,1921,1311.2
HIMACHAL PRADESH,1922,1718.6
HIMACHAL PRADESH,1923,1620.9
HIMACHAL PRADESH,1924,1660.7
HIMACHAL PRADESH,1925,1509.3
HIMACHAL PRADESH,1926,1450.0
HIMACHAL PRADESH,1927,1435.0
HIMACHAL PRADESH,1928,1308.9
HIMACHAL PRADESH,1929,1424.7
HIMACHAL PRADESH,1930,1305.5
HIMACHAL PRADESH,1931,1266.3
HIMACHAL PRADESH,1932,1418.9
HIMACHAL PRADESH,1933,1240.4
HIMACHAL PRADESH,1934,982.1
HIMACHAL PRADESH,1935,1027.9
HIMACHAL PRADESH,1936,1158.0
HIMACHAL PRADESH,1937,1465.0
HIMACHAL PRADESH,1938,927.5
HIMACHAL PRADESH,1939,877.8
HIMACHAL PRADESH,1940,1088.6
HIMACHAL PRADESH,1941,895.5
HIMACHAL PRADESH,1942,1328.3
HIMACHAL PRADESH,1943,1223.1
HIMACHAL PRADESH,1944,1128.8
HIMACHAL PRADESH,1945,1646.9
HIMACHAL PRADESH,1946,1539.0
HIMACHAL PRADESH,1947,1313.2
HIMACHAL PRADESH,1948,1758.7
HIMACHAL PRADESH,1949,1310.9
HIMACHAL PRADESH,1950,1684.4
HIMACHAL PRADESH,1951,1238.5
HIMACHAL PRADESH,1952,1263.7
HIMACHAL PRADESH,1953,1425.7
HIMACHAL PRADESH,1954,1717.6
HIMACHAL PRADESH,1955,1919.2
HIMACHAL PRADESH,1956,1541.6
HIMACHAL PRADESH,1957,1822.7
HIMACHAL PRADESH,1958,1572.3
HIMACHAL PRADESH,1959,1640.3
HIMACHAL PRADESH,1960,1115.1
HIMACHAL PRADESH,1961,1515.5
HIMACHAL PRADESH,1962,1393.5
HIMACHAL PRADESH,1963,1354.5
HIMACHAL PRADESH,1964,1354.1
HIMACHAL PRADESH,1965,1220.4
HIMACHAL PRADESH,1966,1371.0
HIMACHAL PRADESH,1967,1558.5
HIMACHAL PRADESH,1968,1168.2
HIMACHAL PRADESH,1969,1127.6
HIMACHAL PRADESH,1970,1082.5
HIMACHAL PRADESH,1971,1275.1
HIMACHAL PRADESH,1972,842.3
HIMACHAL PRADESH,1973,955.2
HIMACHAL PRADESH,1974,776.1
HIMACHAL PRADESH,1975,1054.1
HIMACHAL PRADESH,1976,1179.3
HIMACHAL PRADESH,1977,1245.0
HIMACHAL PRADESH,1978,1371.2
HIMACHAL PRADESH,1979,1021.0
HIMACHAL PRADESH,1980,1155.0
HIMACHAL PRADESH,1981,1147.1
HIMACHAL PRADESH,1982,1423.0
HIMACHAL PRADESH,1983,1189.6
HIMACHAL PRADESH,1984,968.3
HIMACHAL PRADESH,1985,1193.9
HIMACHAL PRADESH,1986,1322.6
HIMACHAL PRADESH,1987,1035.6
HIMACHAL PRADESH,1988,1881.1
HIMACHAL PRADESH,1989,1177.2
HIMACHAL PRADESH,1990,1462.7
HIMACHAL PRADESH,1991,1104.8
HIMACHAL PRADESH,1992,1383.1
HIMACHAL PRADESH,1993,1128.3
HIMACHAL PRADESH,1994,1410.2
HIMACHAL PRADESH,1995,1493.9
HIMACHAL PRADESH,1996,1384.4
HIMACHAL PRADESH,1997,1454.5
HIMACHAL PRADESH,1998,1381.6
HIMACHAL PRADESH,1999,1144.9
HIMACHAL PRADESH,2000,1068.4
HIMACHAL PRADESH,2001,991.8
HIMACHAL PRADESH,2002,990.4
HIMACHAL PRADESH,2003,1034.5
HIMACHAL PRADESH,2004,878.5
HIMACHAL PRADESH,2005,1248.5
HIMACHAL PRADESH,2006,1218.4
HIMACHAL PRADESH,2007,1034.5
HIMACHAL PRADESH,2008,1114.2
HIMACHAL PRADESH,2009,956.5
HIMACHAL PRADESH,2010,1259.4
HIMACHAL PRADESH,2011,1108.3
HIMACHAL PRADESH,2012,951.6
HIMACHAL PRADESH,2013,1211.9
HIMACHAL PRADESH,2014,1008.7
HIMACHAL PRADESH,2015,1210.5
Haryana,1901,390.1
Haryana,1902,419.8
Haryana,1903,428.9
Haryana,1904,527.8
Haryana,1905,322.9
Haryana,1906,593.6
Haryana,1907,443.9
Haryana,1908,689.0
Haryana,1909,769.3
Haryana,1910,605.2
Haryana,1911,509.7
Haryana,1912,529.3
Haryana,1913,508.4
Haryana,1914,664.7
Haryana,1915,422.4
Haryana,1916,629.1
Haryana,1917,986.7
Haryana,1918,234.7
Haryana,1919,553.7
Haryana,1920,368.8
Haryana,1921,446.5
Haryana,1922,552.9
Haryana,1923,581.5
Haryana,1924,654.8
Haryana,1925,557.2
Haryana,1926,615.9
Haryana,1927,502.5
Haryana,1928,388.2
Haryana,1929,306.6
Haryana,1930,500.5
Haryana,1931,519.2
Haryana,1932,440.1
Haryana,1933,856.9
Haryana,1934,501.4
Haryana,1935,568.3
Haryana,1936,511.1
Haryana,1937,481.7
Haryana,1938,278.8
Haryana,1939,310.2
Haryana,1940,395.7
Haryana,1941,363.9
Haryana,1942,804.5
Haryana,1943,407.9
Haryana,1944,484.2
Haryana,1945,654.6
Haryana,1946,437.8
Haryana,1947,464.5
Haryana,1948,592.1
Haryana,1949,485.3
Haryana,1950,551.1
Haryana,1951,338.2
Haryana,1952,556.3
Haryana,1953,561.9
Haryana,1954,537.0
Haryana,1955,694.1
Haryana,1956,653.8
Haryana,1957,617.2
Haryana,1958,673.0
Haryana,1959,484.9
Haryana,1960,722.9
Haryana,1961,627.9
Haryana,1962,511.0
Haryana,1963,521.8
Haryana,1964,710.9
Haryana,1965,381.9
Haryana,1966,707.7
Haryana,1967,839.9
Haryana,1968,388.3
Haryana,1969,477.2
Haryana,1970,538.2
Haryana,1971,636.8
Haryana,1972,440.8
Haryana,1973,527.2
Haryana,1974,384.9
Haryana,1975,622.1
Haryana,1976,726.7
Haryana,1977,740.1
Haryana,1978,651.1
Haryana,1979,341.5
Haryana,1980,513.2
Haryana,1981,493.4
Haryana,1982,506.6
Haryana,1983,744.5
Haryana,1984,479.2
Haryana,1985,572.4
Haryana,1986,450.9
Haryana,1987,318.6
Haryana,1988,845.0
Haryana,1989,416.5
Haryana,1990,703.1
Haryana,1991,393.9
Haryana,1992,429.7
Haryana,1993,523.8
Haryana,1994,564.4
Haryana,1995,819.1
Haryana,1996,644.6
Haryana,1997,668.6
Haryana,1998,685.3
Haryana,1999,344.4
Haryana,2000,384.4
Haryana,2001,485.5
Haryana,2002,357.2
Haryana,2003,597.6
Haryana,2004,487.3
Haryana,2005,519.5
Haryana,2006,330.9
Haryana,2007,446.6
Haryana,2008,710.4
Haryana,2009,395.4
Haryana,2010,640.5
Haryana,2011,512.0
Haryana,2012,391.4
Haryana,2013,461.2
Haryana,2014,305.5
Haryana,2015,435.3
JAMMU AND KASHMIR,1901,979.9
JAMMU AND KASHMIR,1902,760.5
JAMMU AND KASHMIR,1903,1286.6
JAMMU AND KASHMIR,1904,982.2
JAMMU AND KASHMIR,1905,1157.7
JAMMU AND KASHMIR,1906,1193.1
JAMMU AND KASHMIR,1907,1069.6
JAMMU AND KASHMIR,1908,1227.3
JAMMU AND KASHMIR,1909,1339.9
JAMMU AND KASHMIR,1910,1109.4
JAMMU AND KASHMIR,1911,1280.2
JAMMU AND KASHMIR,1912,936.7
JAMMU AND KASHMIR,1913,1000.2
JAMMU AND KASHMIR,1914,1692.1
JAMMU AND KASHMIR,1915,963.9
JAMMU AND KASHMIR,1916,1034.3
JAMMU AND KASHMIR,1917,1386.1
JAMMU AND KASHMIR,1918,916.5
JAMMU AND KASHMIR,1919,1189.2
JAMMU AND KASHMIR,1920,889.9
JAMMU AND KASHMIR,1921,1057.6
JAMMU AND KASHMIR,1922,890.8
JAMMU AND KASHMIR,1923,1264.3
JAMMU AND KASHMIR,1924,1182.2
JAMMU AND KASHMIR,1925,1013.3
JAMMU AND KASHMIR,1926,1123.6
JAMMU AND KASHMIR,1927,973.1
JAMMU AND KASHMIR,1928,1291.0
JAMMU AND KASHMIR,1929,1102.7
JAMMU AND KASHMIR,1930,1168.0
JAMMU AND KASHMIR,1931,955.0
JAMMU AND KASHMIR,1932,1039.4
JAMMU AND KASHMIR,1933,1187.7
JAMMU AND KASHMIR,1934,803.1
JAMMU AND KASHMIR,1935,1085.5
JAMMU AND KASHMIR,1936,1140.8
JAMMU AND KASHMIR,1937,939.6
JAMMU AND KASHMIR,1938,1061.7
JAMMU AND KASHMIR,1939,1003.5
JAMMU AND KASHMIR,1940,878.3
JAMMU AND KASHMIR,1941,871.6
JAMMU AND KASHMIR,1942,1239.8
JAMMU AND KASHMIR,1943,1167.7
JAMMU AND KASHMIR,1944,1051.0
JAMMU AND KASHMIR,1945,856.2
JAMMU AND KASHMIR,1946,922.3
JAMMU AND KASHMIR,1947,914.0
JAMMU AND KASHMIR,1948,1183.1
JAMMU AND KASHMIR,1949,946.9
JAMMU AND KASHMIR,1950,1523.1
JAMMU AND KASHMIR,1951,963.0
JAMMU AND KASHMIR,1952,1069.6
JAMMU AND KASHMIR,1953,1229.6
JAMMU AND KASHMIR,1954,1307.1
JAMMU AND KASHMIR,1955,1156.4
JAMMU AND KASHMIR,1956,1520.8
JAMMU AND KASHMIR,1957,1520.3
JAMMU AND KASHMIR,1958,1350.4
JAMMU AND KASHMIR,1959,1550.3
JAMMU AND KASHMIR,1960,766.4
JAMMU AND KASHMIR,1961,1138.2
JAMMU AND KASHMIR,1962,930.3
JAMMU AND KASHMIR,1963,909.2
JAMMU AND KASHMIR,1964,946.2
JAMMU AND KASHMIR,1965,912.6
JAMMU AND KASHMIR,1966,1378.9
JAMMU AND KASHMIR,1967,1091.3
JAMMU AND KASHMIR,1968,1065.6
JAMMU AND KASHMIR,1969,1095.6
JAMMU AND KASHMIR,1970,657.0
JAMMU AND KASHMIR,1971,764.7
JAMMU AND KASHMIR,1972,1145.6
JAMMU AND KASHMIR,1973,1100.5
JAMMU AND KASHMIR,1974,802.6
JAMMU AND KASHMIR,1975,1180.4
JAMMU AND KASHMIR,1976,1023.7
JAMMU AND KASHMIR,1977,955.0
JAMMU AND KASHMIR,1978,1061.6
JAMMU AND KASHMIR,1979,1077.4
JAMMU AND KASHMIR,1980,1017.9
JAMMU AND KASHMIR,1981,1135.5
JAMMU AND KASHMIR,1982,1202.2
JAMMU AND KASHMIR,1983,1485.2
JAMMU AND KASHMIR,1984,1157.4
JAMMU AND KASHMIR,1985,1167.1
JAMMU AND KASHMIR,1986,1521.0
JAMMU AND KASHMIR,1987,1216.0
JAMMU AND KASHMIR,1988,1670.9
JAMMU AND KASHMIR,1989,1216.0
JAMMU AND KASHMIR,1990,1574.0
JAMMU AND KASHMIR,1991,1448.8
JAMMU AND KASHMIR,1992,1478.1
JAMMU AND KASHMIR,1993,1243.8
JAMMU AND KASHMIR,1994,1732.5
JAMMU AND KASHMIR,1995,1619.6
JAMMU AND KASHMIR,1996,1620.4
JAMMU AND KASHMIR,1997,1295.9
JAMMU AND KASHMIR,1998,1325.9
JAMMU AND KASHMIR,1999,890.3
JAMMU AND KASHMIR,2000,984.6
JAMMU AND KASHMIR,2001,952.7
JAMMU AND KASHMIR,2002,903.5
JAMMU AND KASHMIR,2003,1311.1
JAMMU AND KASHMIR,2004,944.9
JAMMU AND KASHMIR,2005,1692.7
JAMMU AND KASHMIR,2006,1519.8
JAMMU AND KASHMIR,2007,1023.5
JAMMU AND KASHMIR,2008,1224.5
JAMMU AND KASHMIR,2009,0.0
JAMMU AND KASHMIR,2010,997.9
JAMMU AND KASHMIR,2011,887.6
JAMMU AND KASHMIR,2012,1034.7
JAMMU AND KASHMIR,2013,859.3
JAMMU AND KASHMIR,2014,1093.4
JAMMU AND KASHMIR,2015,1572.8
JHARKHAND,1901,1274.5
JHARKHAND,1902,1197.6
JHARKHAND,1903,1174.3
JHARKHAND,1904,1480.7
JHARKHAND,1905,1354.7
JHARKHAND,1906,1314.3
JHARKHAND,1907,1455.7
JHARKHAND,1908,1214.2
JHARKHAND,1909,1447.9
JHARKHAND,1910,1297.6
JHARKHAND,1911,1475.4
JHARKHAND,1912,1142.9
JHARKHAND,1913,1585.6
JHARKHAND,1914,1215.5
JHARKHAND,1915,1102.3
JHARKHAND,1916,1364.3
JHARKHAND,1917,1724.4
JHARKHAND,1918,1162.6
JHARKHAND,1919,1633.5
JHARKHAND,1920,1415.0
JHARKHAND,1921,1233.8
JHARKHAND,1922,1443.2
JHARKHAND,1923,1431.9
JHARKHAND,1924,1431.8
JHARKHAND,1925,1327.6
JHARKHAND,1926,1478.4
JHARKHAND,1927,1283.1
JHARKHAND,1928,1384.0
JHARKHAND,1929,1611.5
JHARKHAND,1930,1434.0
JHARKHAND,1931,1350.4
JHARKHAND,1932,1193.8
JHARKHAND,1933,1535.6
JHARKHAND,1934,1197.4
JHARKHAND,1935,1151.6
JHARKHAND,1936,1664.3
JHARKHAND,1937,1450.6
JHARKHAND,1938,1229.8
JHARKHAND,1939,1519.7
JHARKHAND,1940,1231.9
JHARKHAND,1941,1513.5
JHARKHAND,1942,1589.0
JHARKHAND,1943,1556.1
JHARKHAND,1944,1386.3
JHARKHAND,1945,1308.7
JHARKHAND,1946,1553.2
JHARKHAND,1947,1234.5
JHARKHAND,1948,1402.6
JHARKHAND,1949,1436.7
JHARKHAND,1950,1393.0
JHARKHAND,1951,1071.7
JHARKHAND,1952,1387.4
JHARKHAND,1953,1509.4
JHARKHAND,1954,1059.5
JHARKHAND,1955,1080.8
JHARKHAND,1956,1555.7
JHARKHAND,1957,1377.5
JHARKHAND,1958,1180.5
JHARKHAND,1959,1599.9
JHARKHAND,1960,1248.8
JHARKHAND,1961,1560.5
JHARKHAND,1962,1047.7
JHARKHAND,1963,1315.0
JHARKHAND,1964,1150.3
JHARKHAND,1965,1012.4
JHARKHAND,1966,879.8
JHARKHAND,1967,1225.3
JHARKHAND,1968,1293.4
JHARKHAND,1969,1158.1
JHARKHAND,1970,1291.5
JHARKHAND,1971,1898.6
JHARKHAND,1972,996.1
JHARKHAND,1973,1441.0
JHARKHAND,1974,1127.0
JHARKHAND,1975,1361.3
JHARKHAND,1976,1191.8
JHARKHAND,1977,1521.5
JHARKHAND,1978,1556.1
JHARKHAND,1979,882.8
JHARKHAND,1980,1340.6
JHARKHAND,1981,1167.2
JHARKHAND,1982,1085.3
JHARKHAND,1983,1261.7
JHARKHAND,1984,1529.9
JHARKHAND,1985,1240.3
JHARKHAND,1986,1335.6
JHARKHAND,1987,1332.7
JHARKHAND,1988,1153.7
JHARKHAND,1989,1149.0
JHARKHAND,1990,1404.2
JHARKHAND,1991,1250.9
JHARKHAND,1992,933.0
JHARKHAND,1993,1204.0
JHARKHAND,1994,1579.4
JHARKHAND,1995,1366.5
JHARKHAND,1996,1191.7
JHARKHAND,1997,1461.3
JHARKHAND,1998,1353.8
JHARKHAND,1999,1586.9
JHARKHAND,2000,1191.5
JHARKHAND,2001,1254.4
JHARKHAND,2002,1034.9
JHARKHAND,2003,1245.0
JHARKHAND,2004,1136.6
JHARKHAND,2005,960.4
JHARKHAND,2006,1459.5
JHARKHAND,2007,1437.3
JHARKHAND,2008,1325.3
JHARKHAND,2009,996.1
JHARKHAND,2010,697.1
JHARKHAND,2011,1374.7
JHARKHAND,2012,1065.0
JHARKHAND,2013,1253.6
JHARKHAND,2014,1156.6
JHARKHAND,2015,1081.8
KERALA,1901,3248.6
KERALA,1902,3326.6
KERALA,1903,3271.2
KERALA,1904,3129.7
KERALA,1905,2741.6
KERALA,1906,2708.0
KERALA,1907,3671.1
KERALA,1908,2648.3
KERALA,1909,3050.2
KERALA,1910,2848.6
KERALA,1911,2726.7
KERALA,1912,3451.3
KERALA,1913,2610.8
KERALA,1914,2899.1
KERALA,1915,3024.5
KERALA,1916,2945.3
KERALA,1917,2704.8
KERALA,1918,2501.9
KERALA,1919,3003.3
KERALA,1920,3303.1
KERALA,1921,2719.9
KERALA,1922,3267.6
KERALA,1923,3484.7
KERALA,1924,4226.4
KERALA,1925,3062.1
KERALA,1926,2965.4
KERALA,1927,2994.7
KERALA,1928,2502.8
KERALA,1929,3361.6
KERALA,1930,3018.0
KERALA,1931,3259.6
KERALA,1932,3403.0
KERALA,1933,4072.9
KERALA,1934,2410.7
KERALA,1935,2498.2
KERALA,1936,3043.3
KERALA,1937,2818.2
KERALA,1938,2634.1
KERALA,1939,2937.5
KERALA,1940,3117.8
KERALA,1941,3111.1
KERALA,1942,3050.9
KERALA,1943,3464.2
KERALA,1944,2490.0
KERALA,1945,2432.4
KERALA,1946,3565.5
KERALA,1947,2998.1
KERALA,1948,3039.2
KERALA,1949,2942.6
KERALA,1950,3146.6
KERALA,1951,2705.5
KERALA,1952,2334.8
KERALA,1953,2544.9
KERALA,1954,2938.0
KERALA,1955,3134.7
KERALA,1956,2798.4
KERALA,1957,3103.3
KERALA,1958,2923.1
KERALA,1959,3746.0
KERALA,1960,3385.5
KERALA,1961,4257.8
KERALA,1962,3375.8
KERALA,1963,2651.1
KERALA,1964,2869.1
KERALA,1965,2342.4
KERALA,1966,2621.7
KERALA,1967,2569.1
KERALA,1968,3392.7
KERALA,1969,2665.0
KERALA,1970,2703.5
KERALA,1971,3076.8
KERALA,1972,2739.4
KERALA,1973,2412.5
KERALA,1974,2767.4
KERALA,1975,3498.4
KERALA,1976,2068.8
KERALA,1977,3047.6
KERALA,1978,3176.7
KERALA,1979,2503.0
KERALA,1980,2803.4
KERALA,1981,3005.9
KERALA,1982,2223.3
KERALA,1983,2320.3
KERALA,1984,2762.1
KERALA,1985,2390.5
KERALA,1986,2093.2
KERALA,1987,2137.6
KERALA,1988,2403.5
KERALA,1989,2422.7
KERALA,1990,2693.1
KERALA,1991,3184.5
KERALA,1992,3239.5
KERALA,1993,2717.7
KERALA,1994,3410.8
KERALA,1995,2858.8
KERALA,1996,2610.0
KERALA,1997,3252.4
KERALA,1998,3151.5
KERALA,1999,2914.6
KERALA,2000,2412.6
KERALA,2001,2931.1
KERALA,2002,2507.4
KERALA,2003,2394.9
KERALA,2004,2886.1
KERALA,2005,3031.1
KERALA,2006,3420.6
KERALA,2007,3489.6
KERALA,2008,2524.5
KERALA,2009,2810.6
KERALA,2010,3131.8
KERALA,2011,3035.1
KERALA,2012,2151.1
KERALA,2013,3255.4
KERALA,2014,3046.4
KERALA,2015,2600.6
Karnataka,1901,4832.9
Karnataka,1902,5435.4
Karnataka,1903,5515.8
Karnataka,1904,4565.5
Karnataka,1905,3917.9
Karnataka,1906,4624.3
Karnataka,1907,5280.4
Karnataka,1908,5040.8
Karnataka,1909,4936.1
Karnataka,1910,4937.5
Karnataka,1911,3938.6000000000004
Karnataka,1912,5304.8
Karnataka,1913,4285.0
Karnataka,1914,5624.2
Karnataka,1915,4433.9
Karnataka,1916,5786.5
Karnataka,1917,5342.2
Karnataka,1918,3772.2
Karnataka,1919,4656.6
Karnataka,1920,4088.3999999999996
Karnataka,1921,4576.3
Karnataka,1922,4738.7
Karnataka,1923,5274.4
Karnataka,1924,5247.1
Karnataka,1925,5206.1
Karnataka,1926,4434.4
Karnataka,1927,4760.9
Karnataka,1928,5058.6
Karnataka,1929,5296.5
Karnataka,1930,4539.0
Karnataka,1931,5574.2
Karnataka,1932,5502.3
Karnataka,1933,6416.0
Karnataka,1934,4389.3
Karnataka,1935,4555.4
Karnataka,1936,4847.8
Karnataka,1937,4777.8
Karnataka,1938,4837.4
Karnataka,1939,4422.7
Karnataka,1940,5640.7
Karnataka,1941,3988.4
Karnataka,1942,5021.2
Karnataka,1943,5593.5
Karnataka,1944,4732.3
Karnataka,1945,4415.6
Karnataka,1946,6095.3
Karnataka,1947,5082.6
Karnataka,1948,5479.0
Karnataka,1949,5002.1
Karnataka,1950,5429.1
Karnataka,1951,4758.0
Karnataka,1952,4396.9
Karnataka,1953,5610.400000000001
Karnataka,1954,5535.9
Karnataka,1955,5521.6
Karnataka,1956,6139.3
Karnataka,1957,5077.3
Karnataka,1958,5649.4
Karnataka,1959,6310.200000000001
Karnataka,1960,5185.7
Karnataka,1961,7712.0
Karnataka,1962,6164.0
Karnataka,1963,4947.2
Karnataka,1964,5209.7
Karnataka,1965,4199.2
Karnataka,1966,4711.1
Karnataka,1967,4767.8
Karnataka,1968,5189.3
Karnataka,1969,5178.5
Karnataka,1970,5906.6
Karnataka,1971,4867.5
Karnataka,1972,4420.3
Karnataka,1973,4963.4
Karnataka,1974,5302.3
Karnataka,1975,6728.0
Karnataka,1976,4256.4
Karnataka,1977,5436.7
Karnataka,1978,5999.4
Karnataka,1979,4907.4
Karnataka,1980,5678.7
Karnataka,1981,5910.5
Karnataka,1982,5775.8
Karnataka,1983,5831.299999999999
Karnataka,1984,5041.0
Karnataka,1985,4376.2
Karnataka,1986,4585.1
Karnataka,1987,4398.3
Karnataka,1988,5284.2
Karnataka,1989,4805.3
Karnataka,1990,5687.9
Karnataka,1991,5660.9
Karnataka,1992,5751.5
Karnataka,1993,5251.2
Karnataka,1994,6437.1
Karnataka,1995,4903.3
Karnataka,1996,5044.7
Karnataka,1997,6229.2
Karnataka,1998,5673.7
Karnataka,1999,5590.3
Karnataka,2000,5270.9
Karnataka,2001,4635.9
Karnataka,2002,4079.3999999999996
Karnataka,2003,4308.2
Karnataka,2004,4845.3
Karnataka,2005,5597.7
Karnataka,2006,5518.4
Karnataka,2007,5928.1
Karnataka,2008,5059.4
Karnataka,2009,5933.9
Karnataka,2010,5779.700000000001
Karnataka,2011,5651.2
Karnataka,2012,1461.6
Karnataka,2013,6063.299999999999
Karnataka,2014,5625.4
Karnataka,2015,4770.4
LAKSHADWEEP,1901,1459.2
LAKSHADWEEP,1902,2158.8
LAKSHADWEEP,1903,0.0
LAKSHADWEEP,1904,1176.9
LAKSHADWEEP,1905,1574.9
LAKSHADWEEP,1906,1811.6
LAKSHADWEEP,1907,1458.8
LAKSHADWEEP,1908,1959.1
LAKSHADWEEP,1909,1463.5
LAKSHADWEEP,1910,1849.2
LAKSHADWEEP,1911,1687.7
LAKSHADWEEP,1912,1654.9
LAKSHADWEEP,1913,1518.5
LAKSHADWEEP,1914,2034.0
LAKSHADWEEP,1915,1545.5
LAKSHADWEEP,1916,1398.5
LAKSHADWEEP,1917,0.0
LAKSHADWEEP,1919,1926.5
LAKSHADWEEP,1920,0.0
LAKSHADWEEP,1921,0.0
LAKSHADWEEP,1922,1928.5
LAKSHADWEEP,1923,1572.2
LAKSHADWEEP,1924,1972.0
LAKSHADWEEP,1925,1676.9
LAKSHADWEEP,1926,1836.2
LAKSHADWEEP,1927,0.0
LAKSHADWEEP,1928,0.0
LAKSHADWEEP,1929,0.0
LAKSHADWEEP,1930,1258.4
LAKSHADWEEP,1931,0.0
LAKSHADWEEP,1932,1893.7
LAKSHADWEEP,1933,2314.1
LAKSHADWEEP,1934,1087.9
LAKSHADWEEP,1935,1529.2
LAKSHADWEEP,1936,1744.1
LAKSHADWEEP,1937,1443.6
LAKSHADWEEP,1938,1547.6
LAKSHADWEEP,1939,1207.3
LAKSHADWEEP,1940,1406.7
LAKSHADWEEP,1941,1163.4
LAKSHADWEEP,1942,1786.2
LAKSHADWEEP,1943,0.0
LAKSHADWEEP,1944,1668.1
LAKSHADWEEP,1945,1321.3
LAKSHADWEEP,1946,0.0
LAKSHADWEEP,1947,1755.9
LAKSHADWEEP,1948,1325.3
LAKSHADWEEP,1949,0.0
LAKSHADWEEP,1950,1494.1
LAKSHADWEEP,1951,1715.3
LAKSHADWEEP,1952,1124.5
LAKSHADWEEP,1953,1606.2
LAKSHADWEEP,1954,1555.5
LAKSHADWEEP,1955,1548.3
LAKSHADWEEP,1956,1287.4
LAKSHADWEEP,1957,1347.2
LAKSHADWEEP,1958,992.6
LAKSHADWEEP,1959,1583.6
LAKSHADWEEP,1960,1901.8
LAKSHADWEEP,1961,2235.3
LAKSHADWEEP,1962,1586.6
LAKSHADWEEP,1963,1902.1
LAKSHADWEEP,1964,1651.7
LAKSHADWEEP,1965,1405.9
LAKSHADWEEP,1966,1741.5
LAKSHADWEEP,1967,1287.3
LAKSHADWEEP,1968,1344.4
LAKSHADWEEP,1969,1416.1
LAKSHADWEEP,1970,1783.0
LAKSHADWEEP,1971,1901.4
LAKSHADWEEP,1972,1287.6
LAKSHADWEEP,1973,1557.4
LAKSHADWEEP,1974,1511.3
LAKSHADWEEP,1975,1890.5
LAKSHADWEEP,1976,1502.1
LAKSHADWEEP,1977,1848.2
LAKSHADWEEP,1978,1967.4
LAKSHADWEEP,1979,1825.4
LAKSHADWEEP,1980,1211.7
LAKSHADWEEP,1981,1617.4
LAKSHADWEEP,1982,1392.0
LAKSHADWEEP,1983,1403.2
LAKSHADWEEP,1984,1591.6
LAKSHADWEEP,1985,1303.4
LAKSHADWEEP,1986,1465.9
LAKSHADWEEP,1987,1288.6
LAKSHADWEEP,1988,1450.8
LAKSHADWEEP,1989,1714.4
LAKSHADWEEP,1990,1310.5
LAKSHADWEEP,1991,1583.0
LAKSHADWEEP,1992,1534.9
LAKSHADWEEP,1993,1449.7
LAKSHADWEEP,1994,1547.1
LAKSHADWEEP,1995,2030.9
LAKSHADWEEP,1996,1606.0
LAKSHADWEEP,1997,1764.7
LAKSHADWEEP,1998,1986.9
LAKSHADWEEP,1999,1857.3
LAKSHADWEEP,2000,1372.1
LAKSHADWEEP,2001,1380.6
LAKSHADWEEP,2002,1033.5
LAKSHADWEEP,2003,1532.9
LAKSHADWEEP,2004,1553.2
LAKSHADWEEP,2005,1575.4
LAKSHADWEEP,2006,1598.6
LAKSHADWEEP,2007,2361.6
LAKSHADWEEP,2008,1726.8
LAKSHADWEEP,2009,1570.1
LAKSHADWEEP,2010,1725.2
LAKSHADWEEP,2011,1533.7
LAKSHADWEEP,2012,1405.5
LAKSHADWEEP,2013,1426.3
LAKSHADWEEP,2014,1395.0
LAKSHADWEEP,2015,1642.9
Madhya Pradesh,1901,2050.9
Madhya Pradesh,1902,1895.9
Madhya Pradesh,1903,2127.7
Madhya Pradesh,1904,1918.6
Madhya Pradesh,1905,1582.5
Madhya Pradesh,1906,2379.9
Madhya Pradesh,1907,1660.0
Madhya Pradesh,1908,2263.2
Madhya Pradesh,1909,1952.2
Madhya Pradesh,1910,2181.7
Madhya Pradesh,1911,1873.6
Madhya Pradesh,1912,1957.8999999999999
Madhya Pradesh,1913,1726.9
Madhya Pradesh,1914,2086.3999999999996
Madhya Pradesh,1915,2155.0
Madhya Pradesh,1916,2699.4
Madhya Pradesh,1917,2948.6
Madhya Pradesh,1918,1439.9
Madhya Pradesh,1919,2979.8999999999996
Madhya Pradesh,1920,1614.3
Madhya Pradesh,1921,1940.8
Madhya Pradesh,1922,2156.2
Madhya Pradesh,1923,2514.9
Madhya Pradesh,1924,2346.6
Madhya Pradesh,1925,2048.0
Madhya Pradesh,1926,2640.6
Madhya Pradesh,1927,2108.8
Madhya Pradesh,1928,2002.5
Madhya Pradesh,1929,1976.1000000000001
Madhya Pradesh,1930,2092.1000000000004
Madhya Pradesh,1931,2473.8
Madhya Pradesh,1932,2139.2
Madhya Pradesh,1933,2580.0
Madhya Pradesh,1934,2638.2
Madhya Pradesh,1935,2151.0
Madhya Pradesh,1936,2405.4
Madhya Pradesh,1937,2451.4
Madhya Pradesh,1938,2375.0
Madhya Pradesh,1939,2149.7
Madhya Pradesh,1940,2257.5
Madhya Pradesh,1941,1567.5
Madhya Pradesh,1942,2710.1000000000004
Madhya Pradesh,1943,2345.3
Madhya Pradesh,1944,2774.7
Madhya Pradesh,1945,2333.7
Madhya Pradesh,1946,2745.0
Madhya Pradesh,1947,2484.2
Madhya Pradesh,1948,2678.0
Madhya Pradesh,1949,2201.7
Madhya Pradesh,1950,2082.4
Madhya Pradesh,1951,1825.3
Madhya Pradesh,1952,1984.4
Madhya Pradesh,1953,1800.8000000000002
Madhya Pradesh,1954,2177.4
Madhya Pradesh,1955,2570.2
Madhya Pradesh,1956,2581.6
Madhya Pradesh,1957,1833.6999999999998
Madhya Pradesh,1958,2271.3
Madhya Pradesh,1959,2483.8
Madhya Pradesh,1960,2134.3
Madhya Pradesh,1961,3032.5
Madhya Pradesh,1962,1974.3000000000002
Madhya Pradesh,1963,2025.5
Madhya Pradesh,1964,2067.4
Madhya Pradesh,1965,1292.5
Madhya Pradesh,1966,1529.1
Madhya Pradesh,1967,2353.4
Madhya Pradesh,1968,1834.8000000000002
Madhya Pradesh,1969,2359.1
Madhya Pradesh,1970,2455.4
Madhya Pradesh,1971,2654.4
Madhya Pradesh,1972,1808.6
Madhya Pradesh,1973,2659.2
Madhya Pradesh,1974,1847.7
Madhya Pradesh,1975,2499.1
Madhya Pradesh,1976,2083.3
Madhya Pradesh,1977,2374.9
Madhya Pradesh,1978,2395.8999999999996
Madhya Pradesh,1979,1591.6999999999998
Madhya Pradesh,1980,2243.1
Madhya Pradesh,1981,1926.2
Madhya Pradesh,1982,2231.4
Madhya Pradesh,1983,2347.4
Madhya Pradesh,1984,1970.1
Madhya Pradesh,1985,1990.1000000000001
Madhya Pradesh,1986,1966.3000000000002
Madhya Pradesh,1987,1900.0
Madhya Pradesh,1988,2020.6000000000001
Madhya Pradesh,1989,1679.4
Madhya Pradesh,1990,2524.0
Madhya Pradesh,1991,1762.4
Madhya Pradesh,1992,1805.3
Madhya Pradesh,1993,2150.8
Madhya Pradesh,1994,2713.2
Madhya Pradesh,1995,1897.0
Madhya Pradesh,1996,2072.0
Madhya Pradesh,1997,2415.3999999999996
Madhya Pradesh,1998,1940.3
Madhya Pradesh,1999,2496.6000000000004
Madhya Pradesh,2000,874.2
Madhya Pradesh,2001,1957.1
Madhya Pradesh,2002,1634.3000000000002
Madhya Pradesh,2003,2384.5
Madhya Pradesh,2004,1803.4
Madhya Pradesh,2005,2118.6000000000004
Madhya Pradesh,2006,2112.6
Madhya Pradesh,2007,1460.3
Madhya Pradesh,2008,1794.3000000000002
Madhya Pradesh,2009,1820.9
Madhya Pradesh,2010,1736.6999999999998
Madhya Pradesh,2011,2339.1000000000004
Madhya Pradesh,2012,2088.3
Madhya Pradesh,2013,2918.2
Madhya Pradesh,2014,1789.8
Madhya Pradesh,2015,1981.5
Maharashtra,1901,2771.0
Maharashtra,1902,2277.0
Maharashtra,1903,3099.9
Maharashtra,1904,2047.2
Maharashtra,1905,1985.5
Maharashtra,1906,2706.2
Maharashtra,1907,2383.8
Maharashtra,1908,2647.9
Maharashtra,1909,2709.5
Maharashtra,1910,3343.6000000000004
Maharashtra,1911,2139.5
Maharashtra,1912,2267.3
Maharashtra,1913,2441.6
Maharashtra,1914,3227.1
Maharashtra,1915,3109.3
Maharashtra,1916,3612.6000000000004
Maharashtra,1917,3503.4
Maharashtra,1918,1725.5
Maharashtra,1919,2754.5
Maharashtra,1920,1540.0
Maharashtra,1921,2382.2999999999997
Maharashtra,1922,2751.1
Maharashtra,1923,2387.2
Maharashtra,1924,2405.1000000000004
Maharashtra,1925,2207.8
Maharashtra,1926,2573.7
Maharashtra,1927,2837.2000000000003
Maharashtra,1928,2675.0
Maharashtra,1929,2212.3
Maharashtra,1930,2552.5
Maharashtra,1931,3625.2
Maharashtra,1932,3019.7
Maharashtra,1933,3777.6000000000004
Maharashtra,1934,2953.2
Maharashtra,1935,2899.1
Maharashtra,1936,2914.6
Maharashtra,1937,2971.7
Maharashtra,1938,3659.9
Maharashtra,1939,2284.0
Maharashtra,1940,3106.3
Maharashtra,1941,2144.2
Maharashtra,1942,3286.0
Maharashtra,1943,2863.8
Maharashtra,1944,3212.8
Maharashtra,1945,2615.3
Maharashtra,1946,3125.3
Maharashtra,1947,2928.8
Maharashtra,1948,3145.5
Maharashtra,1949,3266.2
Maharashtra,1950,2383.5
Maharashtra,1951,2610.7
Maharashtra,1952,2037.1
Maharashtra,1953,2922.6
Maharashtra,1954,2985.1000000000004
Maharashtra,1955,3501.0
Maharashtra,1956,3395.7
Maharashtra,1957,2821.4
Maharashtra,1958,3250.8999999999996
Maharashtra,1959,3675.5
Maharashtra,1960,2689.2
Maharashtra,1961,3470.3
Maharashtra,1962,2997.3
Maharashtra,1963,3048.9
Maharashtra,1964,2737.0
Maharashtra,1965,2165.7
Maharashtra,1966,2587.3
Maharashtra,1967,2801.2
Maharashtra,1968,2459.3
Maharashtra,1969,2801.6
Maharashtra,1970,3092.8999999999996
Maharashtra,1971,2263.5
Maharashtra,1972,1607.8
Maharashtra,1973,3014.3
Maharashtra,1974,2403.2
Maharashtra,1975,3415.7
Maharashtra,1976,2623.4
Maharashtra,1977,2782.9
Maharashtra,1978,2917.8
Maharashtra,1979,2921.6
Maharashtra,1980,2795.0
Maharashtra,1981,2935.0
Maharashtra,1982,2244.5
Maharashtra,1983,3346.8
Maharashtra,1984,2143.2
Maharashtra,1985,2108.4
Maharashtra,1986,2364.0
Maharashtra,1987,2416.4
Maharashtra,1988,3455.3
Maharashtra,1989,2882.6
Maharashtra,1990,3725.6
Maharashtra,1991,2320.2
Maharashtra,1992,2666.5
Maharashtra,1993,2849.1
Maharashtra,1994,3032.3999999999996
Maharashtra,1995,2663.4
Maharashtra,1996,2685.2
Maharashtra,1997,2830.7
Maharashtra,1998,3289.5
Maharashtra,1999,2898.4
Maharashtra,2000,2491.2
Maharashtra,2001,2639.6
Maharashtra,2002,2388.2
Maharashtra,2003,2511.3
Maharashtra,2004,2440.1
Maharashtra,2005,3376.3999999999996
Maharashtra,2006,3484.2
Maharashtra,2007,2922.0
Maharashtra,2008,2429.8
Maharashtra,2009,2381.4
Maharashtra,2010,3377.2
Maharashtra,2011,2409.3
Maharashtra,2012,2324.2
Maharashtra,2013,3370.4
Maharashtra,2014,2306.0
Maharashtra,2015,2170.5
Manipur,1901,2168.4
Manipur,1902,2175.0
Manipur,1903,2230.7
Manipur,1904,2519.8
Manipur,1905,2527.6
Manipur,1906,2514.4
Manipur,1907,2121.7
Manipur,1908,2319.3
Manipur,1909,2308.7
Manipur,1910,2267.9
Manipur,1911,2479.8
Manipur,1912,2308.8
Manipur,1913,2613.2
Manipur,1914,2529.2
Manipur,1915,2819.9
Manipur,1916,2555.0
Manipur,1917,2222.2
Manipur,1918,3013.3
Manipur,1919,2047.9
Manipur,1920,2375.8
Manipur,1921,2638.2
Manipur,1922,2462.6
Manipur,1923,2685.5
Manipur,1924,2701.7
Manipur,1925,2447.5
Manipur,1926,2463.2
Manipur,1927,2887.5
Manipur,1928,2472.4
Manipur,1929,2859.4
Manipur,1930,2487.4
Manipur,1931,2461.1
Manipur,1932,2761.7
Manipur,1933,2451.8
Manipur,1934,3040.8
Manipur,1935,2543.3
Manipur,1936,2917.1
Manipur,1937,2741.6
Manipur,1938,2971.6
Manipur,1939,2608.3
Manipur,1940,2526.7
Manipur,1941,2966.2
Manipur,1942,2680.9
Manipur,1943,2427.9
Manipur,1944,2877.3
Manipur,1945,3051.9
Manipur,1946,3036.2
Manipur,1947,3210.2
Manipur,1948,2822.1
Manipur,1949,2976.3
Manipur,1950,2423.0
Manipur,1951,2609.3
Manipur,1952,2810.9
Manipur,1953,2661.6
Manipur,1954,2905.1
Manipur,1955,2865.0
Manipur,1956,3022.7
Manipur,1957,2303.9
Manipur,1958,1968.6
Manipur,1959,2327.6
Manipur,1960,1799.9
Manipur,1961,1901.2
Manipur,1962,1822.5
Manipur,1963,2970.0
Manipur,1964,2328.7
Manipur,1965,2031.0
Manipur,1966,2478.6
Manipur,1967,2229.9
Manipur,1968,2110.0
Manipur,1969,3610.0
Manipur,1970,4316.2
Manipur,1971,3080.7
Manipur,1972,1353.8
Manipur,1973,2105.8
Manipur,1974,2329.6
Manipur,1975,2209.7
Manipur,1976,2651.4
Manipur,1977,2358.5
Manipur,1978,2150.8
Manipur,1979,1749.2
Manipur,1980,2305.0
Manipur,1981,2072.2
Manipur,1982,2027.5
Manipur,1983,2588.0
Manipur,1984,2454.0
Manipur,1985,2105.3
Manipur,1986,2342.3
Manipur,1987,2361.3
Manipur,1988,2820.2
Manipur,1989,2359.0
Manipur,1990,2582.3
Manipur,1991,2851.9
Manipur,1992,2221.4
Manipur,1993,2881.7
Manipur,1994,1712.5
Manipur,1995,2340.2
Manipur,1996,2194.5
Manipur,1997,2212.0
Manipur,1998,2225.4
Manipur,1999,2233.0
Manipur,2000,2363.9
Manipur,2001,2149.0
Manipur,2002,2242.3
Manipur,2003,2162.2
Manipur,2004,2353.7
Manipur,2005,1836.7
Manipur,2006,1872.0
Manipur,2007,2538.2
Manipur,2008,1748.9
Manipur,2009,1737.7
Manipur,2010,2295.2
Manipur,2011,1892.1
Manipur,2012,1922.9
Manipur,2013,1557.2
Manipur,2014,1599.9
Manipur,2015,1922.4
Meghalaya,1901,2498.6
Meghalaya,1902,2952.1
Meghalaya,1903,2544.7
Meghalaya,1904,2664.1
Meghalaya,1905,2790.6
Meghalaya,1906,2663.4
Meghalaya,1907,2521.1
Meghalaya,1908,2277.8
Meghalaya,1909,2377.0
Meghalaya,1910,2887.3
Meghalaya,1911,3096.2
Meghalaya,1912,2743.5
Meghalaya,1913,2760.5
Meghalaya,1914,2343.8
Meghalaya,1915,3165.1
Meghalaya,1916,2601.1
Meghalaya,1917,2519.9
Meghalaya,1918,3106.8
Meghalaya,1919,2344.2
Meghalaya,1920,2623.6
Meghalaya,1921,2999.7
Meghalaya,1922,2261.9
Meghalaya,1923,2440.6
Meghalaya,1924,2691.4
Meghalaya,1925,2550.5
Meghalaya,1926,2511.7
Meghalaya,1927,2793.1
Meghalaya,1928,2634.3
Meghalaya,1929,2953.8
Meghalaya,1930,2550.7
Meghalaya,1931,2800.1
Meghalaya,1932,2888.7
Meghalaya,1933,2339.1
Meghalaya,1934,3074.9
Meghalaya,1935,2678.4
Meghalaya,1936,2671.3
Meghalaya,1937,2324.6
Meghalaya,1938,2786.5
Meghalaya,1939,2401.6
Meghalaya,1940,2451.6
Meghalaya,1941,2709.5
Meghalaya,1942,2677.0
Meghalaya,1943,2703.7
Meghalaya,1944,2524.3
Meghalaya,1945,2665.7
Meghalaya,1946,2679.5
Meghalaya,1947,2643.3
Meghalaya,1948,3185.4
Meghalaya,1949,2983.4
Meghalaya,1950,2392.4
Meghalaya,1951,2613.8
Meghalaya,1952,2851.3
Meghalaya,1953,2559.9
Meghalaya,1954,2859.1
Meghalaya,1955,2761.2
Meghalaya,1956,2802.9
Meghalaya,1957,2257.2
Meghalaya,1958,2626.4
Meghalaya,1959,2535.8
Meghalaya,1960,2342.2
Meghalaya,1961,2195.3
Meghalaya,1962,2295.9
Meghalaya,1963,2511.8
Meghalaya,1964,2729.6
Meghalaya,1965,2398.9
Meghalaya,1966,2789.3
Meghalaya,1967,2123.4
Meghalaya,1968,2530.8
Meghalaya,1969,2332.2
Meghalaya,1970,3048.4
Meghalaya,1971,2315.1
Meghalaya,1972,2379.1
Meghalaya,1973,2672.1
Meghalaya,1974,3403.5
Meghalaya,1975,2270.6
Meghalaya,1976,1956.0
Meghalaya,1977,2616.6
Meghalaya,1978,2011.9
Meghalaya,1979,2188.5
Meghalaya,1980,2289.2
Meghalaya,1981,2079.3
Meghalaya,1982,2382.2
Meghalaya,1983,2620.0
Meghalaya,1984,3157.0
Meghalaya,1985,2801.6
Meghalaya,1986,2592.8
Meghalaya,1987,2921.4
Meghalaya,1988,3261.7
Meghalaya,1989,2682.1
Meghalaya,1990,2771.2
Meghalaya,1991,2838.0
Meghalaya,1992,2259.8
Meghalaya,1993,2879.2
Meghalaya,1994,2121.3
Meghalaya,1995,2886.1
Meghalaya,1996,2466.9
Meghalaya,1997,2372.2
Meghalaya,1998,2803.1
Meghalaya,1999,2594.2
Meghalaya,2000,2487.0
Meghalaya,2001,2178.4
Meghalaya,2002,2392.7
Meghalaya,2003,2434.1
Meghalaya,2004,2994.3
Meghalaya,2005,2468.3
Meghalaya,2006,1898.6
Meghalaya,2007,2752.8
Meghalaya,2008,2339.7
Meghalaya,2009,2068.2
Meghalaya,2010,2711.5
Meghalaya,2011,1743.4
Meghalaya,2012,2609.4
Meghalaya,2013,1816.4
Meghalaya,2014,2206.1
Meghalaya,2015,2470.9
Mizoram,1901,2168.4
Mizoram,1902,2175.0
Mizoram,1903,2230.7
Mizoram,1904,2519.8
Mizoram,1905,2527.6
Mizoram,1906,2514.4
Mizoram,1907,2121.7
Mizoram,1908,2319.3
Mizoram,1909,2308.7
Mizoram,1910,2267.9
Mizoram,1911,2479.8
Mizoram,1912,2308.8
Mizoram,1913,2613.2
Mizoram,1914,2529.2
Mizoram,1915,2819.9
Mizoram,1916,2555.0
Mizoram,1917,2222.2
Mizoram,1918,3013.3
Mizoram,1919,2047.9
Mizoram,1920,2375.8
Mizoram,1921,2638.2
Mizoram,1922,2462.6
Mizoram,1923,2685.5
Mizoram,1924,2701.7
Mizoram,1925,2447.5
Mizoram,1926,2463.2
Mizoram,1927,2887.5
Mizoram,1928,2472.4
Mizoram,1929,2859.4
Mizoram,1930,2487.4
Mizoram,1931,2461.1
Mizoram,1932,2761.7
Mizoram,1933,2451.8
Mizoram,1934,3040.8
Mizoram,1935,2543.3
Mizoram,1936,2917.1
Mizoram,1937,2741.6
Mizoram,1938,2971.6
Mizoram,1939,2608.3
Mizoram,1940,2526.7
Mizoram,1941,2966.2
Mizoram,1942,2680.9
Mizoram,1943,2427.9
Mizoram,1944,2877.3
Mizoram,1945,3051.9
Mizoram,1946,3036.2
Mizoram,1947,3210.2
Mizoram,1948,2822.1
Mizoram,1949,2976.3
Mizoram,1950,2423.0
Mizoram,1951,2609.3
Mizoram,1952,2810.9
Mizoram,1953,2661.6
Mizoram,1954,2905.1
Mizoram,1955,2865.0
Mizoram,1956,3022.7
Mizoram,1957,2303.9
Mizoram,1958,1968.6
Mizoram,1959,2327.6
Mizoram,1960,1799.9
Mizoram,1961,1901.2
Mizoram,1962,1822.5
Mizoram,1963,2970.0
Mizoram,1964,2328.7
Mizoram,1965,2031.0
Mizoram,1966,2478.6
Mizoram,1967,2229.9
Mizoram,1968,2110.0
Mizoram,1969,3610.0
Mizoram,1970,4316.2
Mizoram,1971,3080.7
Mizoram,1972,1353.8
Mizoram,1973,2105.8
Mizoram,1974,2329.6
Mizoram,1975,2209.7
Mizoram,1976,2651.4
Mizoram,1977,2358.5
Mizoram,1978,2150.8
Mizoram,1979,1749.2
Mizoram,1980,2305.0
Mizoram,1981,2072.2
Mizoram,1982,2027.5
Mizoram,1983,2588.0
Mizoram,1984,2454.0
Mizoram,1985,2105.3
Mizoram,1986,2342.3
Mizoram,1987,2361.3
Mizoram,1988,2820.2
Mizoram,1989,2359.0
Mizoram,1990,2582.3
Mizoram,1991,2851.9
Mizoram,1992,2221.4
Mizoram,1993,2881.7
Mizoram,1994,1712.5
Mizoram,1995,2340.2
Mizoram,1996,2194.5
Mizoram,1997,2212.0
Mizoram,1998,2225.4
Mizoram,1999,2233.0
Mizoram,2000,2363.9
Mizoram,2001,2149.0
Mizoram,2002,2242.3
Mizoram,2003,2162.2
Mizoram,2004,2353.7
Mizoram,2005,1836.7
Mizoram,2006,1872.0
Mizoram,2007,2538.2
Mizoram,2008,1748.9
Mizoram,2009,1737.7
Mizoram,2010,2295.2
Mizoram,2011,1892.1
Mizoram,2012,1922.9
Mizoram,2013,1557.2
Mizoram,2014,1599.9
Mizoram,2015,1922.4
Nagaland,1901,2168.4
Nagaland,1902,2175.0
Nagaland,1903,2230.7
Nagaland,1904,2519.8
Nagaland,1905,2527.6
Nagaland,1906,2514.4
Nagaland,1907,2121.7
Nagaland,1908,2319.3
Nagaland,1909,2308.7
Nagaland,1910,2267.9
Nagaland,1911,2479.8
Nagaland,1912,2308.8
Nagaland,1913,2613.2
Nagaland,1914,2529.2
Nagaland,1915,2819.9
Nagaland,1916,2555.0
Nagaland,1917,2222.2
Nagaland,1918,3013.3
Nagaland,1919,2047.9
Nagaland,1920,2375.8
Nagaland,1921,2638.2
Nagaland,1922,2462.6
Nagaland,1923,2685.5
Nagaland,1924,2701.7
Nagaland,1925,2447.5
Nagaland,1926,2463.2
Nagaland,1927,2887.5
Nagaland,1928,2472.4
Nagaland,1929,2859.4
Nagaland,1930,2487.4
Nagaland,1931,2461.1
Nagaland,1932,2761.7
Nagaland,1933,2451.8
Nagaland,1934,3040.8
Nagaland,1935,2543.3
Nagaland,1936,2917.1
Nagaland,1937,2741.6
Nagaland,1938,2971.6
Nagaland,1939,2608.3
Nagaland,1940,2526.7
Nagaland,1941,2966.2
Nagaland,1942,2680.9
Nagaland,1943,2427.9
Nagaland,1944,2877.3
Nagaland,1945,3051.9
Nagaland,1946,3036.2
Nagaland,1947,3210.2
Nagaland,1948,2822.1
Nagaland,1949,2976.3
Nagaland,1950,2423.0
Nagaland,1951,2609.3
Nagaland,1952,2810.9
Nagaland,1953,2661.6
Nagaland,1954,2905.1
Nagaland,1955,2865.0
Nagaland,1956,3022.7
Nagaland,1957,2303.9
Nagaland,1958,1968.6
Nagaland,1959,2327.6
Nagaland,1960,1799.9
Nagaland,1961,1901.2
Nagaland,1962,1822.5
Nagaland,1963,2970.0
Nagaland,1964,2328.7
Nagaland,1965,2031.0
Nagaland,1966,2478.6
Nagaland,1967,2229.9
Nagaland,1968,2110.0
Nagaland,1969,3610.0
Nagaland,1970,4316.2
Nagaland,1971,3080.7
Nagaland,1972,1353.8
Nagaland,1973,2105.8
Nagaland,1974,2329.6
Nagaland,1975,2209.7
Nagaland,1976,2651.4
Nagaland,1977,2358.5
Nagaland,1978,2150.8
Nagaland,1979,1749.2
Nagaland,1980,2305.0
Nagaland,1981,2072.2
Nagaland,1982,2027.5
Nagaland,1983,2588.0
Nagaland,1984,2454.0
Nagaland,1985,2105.3
Nagaland,1986,2342.3
Nagaland,1987,2361.3
Nagaland,1988,2820.2
Nagaland,1989,2359.0
Nagaland,1990,2582.3
Nagaland,1991,2851.9
Nagaland,1992,2221.4
Nagaland,1993,2881.7
Nagaland,1994,1712.5
Nagaland,1995,2340.2
Nagaland,1996,2194.5
Nagaland,1997,2212.0
Nagaland,1998,2225.4
Nagaland,1999,2233.0
Nagaland,2000,2363.9
Nagaland,2001,2149.0
Nagaland,2002,2242.3
Nagaland,2003,2162.2
Nagaland,2004,2353.7
Nagaland,2005,1836.7
Nagaland,2006,1872.0
Nagaland,2007,2538.2
Nagaland,2008,1748.9
Nagaland,2009,1737.7
Nagaland,2010,2295.2
Nagaland,2011,1892.1
Nagaland,2012,1922.9
Nagaland,2013,1557.2
Nagaland,2014,1599.9
Nagaland,2015,1922.4
Odisha,1901,1284.2
Odisha,1902,1349.0
Odisha,1903,1568.3
Odisha,1904,1514.8
Odisha,1905,1357.3
Odisha,1906,1408.2
Odisha,1907,1447.1
Odisha,1908,1430.6
Odisha,1909,1535.5
Odisha,1910,1598.5
Odisha,1911,1417.3
Odisha,1912,1397.2
Odisha,1913,1544.3
Odisha,1914,1598.5
Odisha,1915,1437.1
Odisha,1916,1479.4
Odisha,1917,1850.1
Odisha,1918,1297.4
Odisha,1919,1758.1
Odisha,1920,1402.6
Odisha,1921,1324.0
Odisha,1922,1466.5
Odisha,1923,1258.6
Odisha,1924,1263.4
Odisha,1925,1807.8
Odisha,1926,1535.8
Odisha,1927,1525.5
Odisha,1928,1585.6
Odisha,1929,1637.8
Odisha,1930,1446.4
Odisha,1931,1477.2
Odisha,1932,1440.2
Odisha,1933,1851.0
Odisha,1934,1488.9
Odisha,1935,1219.4
Odisha,1936,1876.0
Odisha,1937,1567.3
Odisha,1938,1441.6
Odisha,1939,1563.4
Odisha,1940,1687.7
Odisha,1941,1435.2
Odisha,1942,1448.3
Odisha,1943,1586.5
Odisha,1944,1608.1
Odisha,1945,1538.6
Odisha,1946,1614.9
Odisha,1947,1410.9
Odisha,1948,1333.8
Odisha,1949,1348.9
Odisha,1950,1392.8
Odisha,1951,1396.2
Odisha,1952,1516.7
Odisha,1953,1437.7
Odisha,1954,1208.0
Odisha,1955,1597.0
Odisha,1956,1885.4
Odisha,1957,1277.5
Odisha,1958,1624.0
Odisha,1959,1495.9
Odisha,1960,1593.0
Odisha,1961,1945.3
Odisha,1962,1346.5
Odisha,1963,1562.0
Odisha,1964,1354.7
Odisha,1965,1174.7
Odisha,1966,1286.8
Odisha,1967,1427.5
Odisha,1968,1464.1
Odisha,1969,1283.2
Odisha,1970,1412.3
Odisha,1971,1596.8
Odisha,1972,1324.9
Odisha,1973,1573.5
Odisha,1974,987.0
Odisha,1975,1392.0
Odisha,1976,1178.8
Odisha,1977,1477.9
Odisha,1978,1439.0
Odisha,1979,995.9
Odisha,1980,1462.9
Odisha,1981,1295.7
Odisha,1982,1258.5
Odisha,1983,1432.0
Odisha,1984,1377.6
Odisha,1985,1607.3
Odisha,1986,1560.0
Odisha,1987,1097.6
Odisha,1988,1306.9
Odisha,1989,1299.7
Odisha,1990,1905.0
Odisha,1991,1472.8
Odisha,1992,1329.5
Odisha,1993,1448.0
Odisha,1994,1744.6
Odisha,1995,1614.0
Odisha,1996,1061.8
Odisha,1997,1504.5
Odisha,1998,1357.1
Odisha,1999,1484.3
Odisha,2000,1097.2
Odisha,2001,1672.5
Odisha,2002,1102.8
Odisha,2003,1648.2
Odisha,2004,1290.4
Odisha,2005,1503.4
Odisha,2006,1716.9
Odisha,2007,1633.8
Odisha,2008,1538.9
Odisha,2009,1330.3
Odisha,2010,1291.9
Odisha,2011,1346.2
Odisha,2012,1405.9
Odisha,2013,1632.4
Odisha,2014,1536.9
Odisha,2015,1210.1
PUNJAB,1901,523.5
PUNJAB,1902,398.0
PUNJAB,1903,571.0
PUNJAB,1904,451.5
PUNJAB,1905,434.3
PUNJAB,1906,677.5
PUNJAB,1907,589.2
PUNJAB,1908,740.4
PUNJAB,1909,846.1
PUNJAB,1910,616.3
PUNJAB,1911,505.6
PUNJAB,1912,536.4
PUNJAB,1913,561.2
PUNJAB,1914,794.4
PUNJAB,1915,421.7
PUNJAB,1916,588.4
PUNJAB,1917,1126.7
PUNJAB,1918,339.6
PUNJAB,1919,549.9
PUNJAB,1920,383.1
PUNJAB,1921,370.4
PUNJAB,1922,513.6
PUNJAB,1923,737.9
PUNJAB,1924,590.8
PUNJAB,1925,629.6
PUNJAB,1926,607.3
PUNJAB,1927,481.0
PUNJAB,1928,437.1
PUNJAB,1929,423.0
PUNJAB,1930,557.2
PUNJAB,1931,588.6
PUNJAB,1932,490.3
PUNJAB,1933,860.6
PUNJAB,1934,429.2
PUNJAB,1935,598.2
PUNJAB,1936,626.4
PUNJAB,1937,571.1
PUNJAB,1938,430.9
PUNJAB,1939,403.7
PUNJAB,1940,532.2
PUNJAB,1941,506.3
PUNJAB,1942,871.6
PUNJAB,1943,422.3
PUNJAB,1944,626.9
PUNJAB,1945,805.3
PUNJAB,1946,478.1
PUNJAB,1947,600.9
PUNJAB,1948,620.2
PUNJAB,1949,584.9
PUNJAB,1950,992.0
PUNJAB,1951,499.5
PUNJAB,1952,565.9
PUNJAB,1953,611.5
PUNJAB,1954,633.2
PUNJAB,1955,973.9
PUNJAB,1956,750.4
PUNJAB,1957,710.5
PUNJAB,1958,828.0
PUNJAB,1959,699.8
PUNJAB,1960,606.9
PUNJAB,1961,690.1
PUNJAB,1962,769.3
PUNJAB,1963,476.2
PUNJAB,1964,708.8
PUNJAB,1965,423.2
PUNJAB,1966,638.2
PUNJAB,1967,680.4
PUNJAB,1968,536.2
PUNJAB,1969,494.8
PUNJAB,1970,650.6
PUNJAB,1971,748.0
PUNJAB,1972,470.9
PUNJAB,1973,743.1
PUNJAB,1974,356.2
PUNJAB,1975,705.9
PUNJAB,1976,794.7
PUNJAB,1977,712.6
PUNJAB,1978,720.6
PUNJAB,1979,464.0
PUNJAB,1980,661.7
PUNJAB,1981,503.7
PUNJAB,1982,571.3
PUNJAB,1983,751.1
PUNJAB,1984,710.5
PUNJAB,1985,752.9
PUNJAB,1986,611.9
PUNJAB,1987,409.6
PUNJAB,1988,1222.6
PUNJAB,1989,480.3
PUNJAB,1990,754.7
PUNJAB,1991,475.9
PUNJAB,1992,478.2
PUNJAB,1993,583.1
PUNJAB,1994,580.9
PUNJAB,1995,869.1
PUNJAB,1996,589.7
PUNJAB,1997,690.1
PUNJAB,1998,588.6
PUNJAB,1999,364.4
PUNJAB,2000,405.3
PUNJAB,2001,441.0
PUNJAB,2002,274.7
PUNJAB,2003,424.6
PUNJAB,2004,351.7
PUNJAB,2005,552.0
PUNJAB,2006,647.7
PUNJAB,2007,594.8
PUNJAB,2008,717.1
PUNJAB,2009,361.2
PUNJAB,2010,451.5
PUNJAB,2011,705.2
PUNJAB,2012,493.6
PUNJAB,2013,586.6
PUNJAB,2014,382.7
PUNJAB,2015,510.8
Rajasthan,1901,571.4
Rajasthan,1902,773.9
Rajasthan,1903,993.1
Rajasthan,1904,862.4
Rajasthan,1905,394.20000000000005
Rajasthan,1906,916.9
Rajasthan,1907,905.0
Rajasthan,1908,1452.1
Rajasthan,1909,1207.8
Rajasthan,1910,978.5
Rajasthan,1911,559.2
Rajasthan,1912,935.3
Rajasthan,1913,746.6
Rajasthan,1914,978.9000000000001
Rajasthan,1915,549.0
Rajasthan,1916,1267.0
Rajasthan,1917,2119.2
Rajasthan,1918,335.90000000000003
Rajasthan,1919,1092.0
Rajasthan,1920,845.4000000000001
Rajasthan,1921,765.8
Rajasthan,1922,914.7
Rajasthan,1923,963.5
Rajasthan,1924,1221.5
Rajasthan,1925,653.4
Rajasthan,1926,1272.6
Rajasthan,1927,1058.3
Rajasthan,1928,880.3
Rajasthan,1929,879.3
Rajasthan,1930,891.4
Rajasthan,1931,1169.6
Rajasthan,1932,809.0999999999999
Rajasthan,1933,1314.1999999999998
Rajasthan,1934,1131.3
Rajasthan,1935,941.4
Rajasthan,1936,807.6
Rajasthan,1937,963.0
Rajasthan,1938,686.6
Rajasthan,1939,538.1
Rajasthan,1940,945.1999999999999
Rajasthan,1941,730.7
Rajasthan,1942,1278.1999999999998
Rajasthan,1943,1012.2
Rajasthan,1944,1432.0
Rajasthan,1945,1225.6
Rajasthan,1946,1110.8
Rajasthan,1947,968.0
Rajasthan,1948,897.1
Rajasthan,1949,734.0
Rajasthan,1950,1018.4000000000001
Rajasthan,1951,542.7
Rajasthan,1952,979.8000000000001
Rajasthan,1953,890.3
Rajasthan,1954,916.3
Rajasthan,1955,1235.9
Rajasthan,1956,1303.0
Rajasthan,1957,929.3000000000001
Rajasthan,1958,1006.8000000000001
Rajasthan,1959,1121.5
Rajasthan,1960,809.4000000000001
Rajasthan,1961,1284.5
Rajasthan,1962,866.6
Rajasthan,1963,752.2
Rajasthan,1964,983.5999999999999
Rajasthan,1965,639.1
Rajasthan,1966,726.3
Rajasthan,1967,1100.2
Rajasthan,1968,661.8
Rajasthan,1969,753.1
Rajasthan,1970,1074.1
Rajasthan,1971,1035.9
Rajasthan,1972,640.2
Rajasthan,1973,1403.0
Rajasthan,1974,776.0999999999999
Rajasthan,1975,1451.6999999999998
Rajasthan,1976,1240.5
Rajasthan,1977,1276.9
Rajasthan,1978,1106.8
Rajasthan,1979,823.3
Rajasthan,1980,785.9
Rajasthan,1981,863.8
Rajasthan,1982,972.0
Rajasthan,1983,1264.6
Rajasthan,1984,766.5
Rajasthan,1985,785.5
Rajasthan,1986,794.3
Rajasthan,1987,578.7
Rajasthan,1988,920.5
Rajasthan,1989,758.6
Rajasthan,1990,1225.1
Rajasthan,1991,757.6
Rajasthan,1992,1149.4
Rajasthan,1993,888.7
Rajasthan,1994,1254.7
Rajasthan,1995,1122.1999999999998
Rajasthan,1996,1023.6
Rajasthan,1997,919.0
Rajasthan,1998,755.4000000000001
Rajasthan,1999,612.7
Rajasthan,2000,675.3
Rajasthan,2001,836.5
Rajasthan,2002,377.70000000000005
Rajasthan,2003,994.7
Rajasthan,2004,802.9000000000001
Rajasthan,2005,828.7
Rajasthan,2006,1109.7
Rajasthan,2007,886.5
Rajasthan,2008,968.7
Rajasthan,2009,574.5
Rajasthan,2010,1162.6
Rajasthan,2011,1220.8
Rajasthan,2012,1020.9000000000001
Rajasthan,2013,1225.5
Rajasthan,2014,985.6999999999999
Rajasthan,2015,1109.1
Sikkim,1901,2113.2
Sikkim,1902,3180.4
Sikkim,1903,2404.5
Sikkim,1904,2169.9
Sikkim,1905,3005.0
Sikkim,1906,2618.0
Sikkim,1907,2530.0
Sikkim,1908,1988.2
Sikkim,1909,2670.1
Sikkim,1910,3046.1
Sikkim,1911,3194.2
Sikkim,1912,2793.6
Sikkim,1913,2935.1
Sikkim,1914,2414.1
Sikkim,1915,2504.9
Sikkim,1916,3476.8
Sikkim,1917,2841.6
Sikkim,1918,2981.4
Sikkim,1919,2544.5
Sikkim,1920,2884.1
Sikkim,1921,3513.4
Sikkim,1922,3001.9
Sikkim,1923,2489.0
Sikkim,1924,2950.9
Sikkim,1925,2886.6
Sikkim,1926,2637.7
Sikkim,1927,2732.2
Sikkim,1928,2868.9
Sikkim,1929,2931.3
Sikkim,1930,2184.5
Sikkim,1931,2876.5
Sikkim,1932,2715.6
Sikkim,1933,2514.2
Sikkim,1934,2612.9
Sikkim,1935,2785.1
Sikkim,1936,2660.3
Sikkim,1937,2568.4
Sikkim,1938,3249.3
Sikkim,1939,2591.1
Sikkim,1940,2320.2
Sikkim,1941,2718.0
Sikkim,1942,2365.4
Sikkim,1943,2917.6
Sikkim,1944,2583.2
Sikkim,1945,2755.4
Sikkim,1946,2768.5
Sikkim,1947,2534.1
Sikkim,1948,2936.6
Sikkim,1949,3287.7
Sikkim,1950,2762.5
Sikkim,1951,2683.1
Sikkim,1952,3270.7
Sikkim,1953,2594.0
Sikkim,1954,3055.6
Sikkim,1955,2992.9
Sikkim,1956,2885.5
Sikkim,1957,2225.5
Sikkim,1958,2820.3
Sikkim,1959,2580.1
Sikkim,1960,2610.5
Sikkim,1961,2304.2
Sikkim,1962,2521.7
Sikkim,1963,2604.7
Sikkim,1964,2981.4
Sikkim,1965,2762.7
Sikkim,1966,2515.3
Sikkim,1967,2860.5
Sikkim,1968,3378.8
Sikkim,1969,2424.9
Sikkim,1970,2702.3
Sikkim,1971,3226.8
Sikkim,1972,2414.6
Sikkim,1973,2804.6
Sikkim,1974,3341.6
Sikkim,1975,2663.6
Sikkim,1976,2793.9
Sikkim,1977,2906.5
Sikkim,1978,2377.8
Sikkim,1979,2511.7
Sikkim,1980,3148.6
Sikkim,1981,2969.3
Sikkim,1982,2337.7
Sikkim,1983,2838.8
Sikkim,1984,2748.4
Sikkim,1985,3037.9
Sikkim,1986,2365.4
Sikkim,1987,3185.5
Sikkim,1988,3141.4
Sikkim,1989,2854.6
Sikkim,1990,3565.3
Sikkim,1991,3072.4
Sikkim,1992,2358.8
Sikkim,1993,2895.9
Sikkim,1994,2127.3
Sikkim,1995,3557.8
Sikkim,1996,2800.3
Sikkim,1997,2551.4
Sikkim,1998,3655.1
Sikkim,1999,3323.3
Sikkim,2000,2908.0
Sikkim,2001,2612.6
Sikkim,2002,2547.0
Sikkim,2003,2723.3
Sikkim,2004,2714.7
Sikkim,2005,2807.7
Sikkim,2006,2262.1
Sikkim,2007,2638.9
Sikkim,2008,2689.9
Sikkim,2009,2324.6
Sikkim,2010,2612.3
Sikkim,2011,2418.7
Sikkim,2012,2632.2
Sikkim,2013,2406.1
Sikkim,2014,2322.6
Sikkim,2015,2518.6
TAMIL NADU,1901,960.3
TAMIL NADU,1902,1138.2
TAMIL NADU,1903,1163.9
TAMIL NADU,1904,663.1
TAMIL NADU,1905,821.1
TAMIL NADU,1906,990.2
TAMIL NADU,1907,885.6
TAMIL NADU,1908,765.0
TAMIL NADU,1909,954.6
TAMIL NADU,1910,943.7
TAMIL NADU,1911,814.9
TAMIL NADU,1912,904.1
TAMIL NADU,1913,878.8
TAMIL NADU,1914,953.3
TAMIL NADU,1915,988.5
TAMIL NADU,1916,897.4
TAMIL NADU,1917,948.3
TAMIL NADU,1918,871.7
TAMIL NADU,1919,1028.6
TAMIL NADU,1920,1154.2
TAMIL NADU,1921,979.4
TAMIL NADU,1922,1080.5
TAMIL NADU,1923,834.1
TAMIL NADU,1924,895.1
TAMIL NADU,1925,1013.3
TAMIL NADU,1926,815.6
TAMIL NADU,1927,829.9
TAMIL NADU,1928,970.8
TAMIL NADU,1929,977.7
TAMIL NADU,1930,1275.4
TAMIL NADU,1931,1039.8
TAMIL NADU,1932,1109.8
TAMIL NADU,1933,1010.9
TAMIL NADU,1934,839.7
TAMIL NADU,1935,893.9
TAMIL NADU,1936,944.5
TAMIL NADU,1937,1020.1
TAMIL NADU,1938,783.2
TAMIL NADU,1939,1055.8
TAMIL NADU,1940,1178.5
TAMIL NADU,1941,1006.9
TAMIL NADU,1942,847.3
TAMIL NADU,1943,1187.3
TAMIL NADU,1944,1227.6
TAMIL NADU,1945,784.0
TAMIL NADU,1946,1294.1
TAMIL NADU,1947,939.5
TAMIL NADU,1948,906.7
TAMIL NADU,1949,840.7
TAMIL NADU,1950,747.5
TAMIL NADU,1951,855.1
TAMIL NADU,1952,716.4
TAMIL NADU,1953,968.0
TAMIL NADU,1954,1016.3
TAMIL NADU,1955,1060.6
TAMIL NADU,1956,989.7
TAMIL NADU,1957,866.9
TAMIL NADU,1958,852.5
TAMIL NADU,1959,894.3
TAMIL NADU,1960,1013.9
TAMIL NADU,1961,910.7
TAMIL NADU,1962,941.6
TAMIL NADU,1963,1072.8
TAMIL NADU,1964,910.6
TAMIL NADU,1965,921.8
TAMIL NADU,1966,1166.9
TAMIL NADU,1967,899.1
TAMIL NADU,1968,789.4
TAMIL NADU,1969,961.8
TAMIL NADU,1970,942.1
TAMIL NADU,1971,1047.6
TAMIL NADU,1972,1093.4
TAMIL NADU,1973,858.5
TAMIL NADU,1974,652.8
TAMIL NADU,1975,923.6
TAMIL NADU,1976,858.9
TAMIL NADU,1977,1246.0
TAMIL NADU,1978,998.8
TAMIL NADU,1979,1103.4
TAMIL NADU,1980,709.1
TAMIL NADU,1981,1045.9
TAMIL NADU,1982,678.6
TAMIL NADU,1983,1007.7
TAMIL NADU,1984,1023.8
TAMIL NADU,1985,1063.5
TAMIL NADU,1986,953.0
TAMIL NADU,1987,963.5
TAMIL NADU,1988,837.2
TAMIL NADU,1989,856.5
TAMIL NADU,1990,903.2
TAMIL NADU,1991,954.8
TAMIL NADU,1992,918.7
TAMIL NADU,1993,1082.3
TAMIL NADU,1994,905.9
TAMIL NADU,1995,843.4
TAMIL NADU,1996,1069.4
TAMIL NADU,1997,950.5
TAMIL NADU,1998,1079.7
TAMIL NADU,1999,922.6
TAMIL NADU,2000,972.0
TAMIL NADU,2001,483.4
TAMIL NADU,2002,318.0
TAMIL NADU,2003,348.5
TAMIL NADU,2004,1037.6
TAMIL NADU,2005,1365.3
TAMIL NADU,2006,927.9
TAMIL NADU,2007,1067.2
TAMIL NADU,2008,1203.4
TAMIL NADU,2009,928.5
TAMIL NADU,2010,1095.2
TAMIL NADU,2011,926.5
TAMIL NADU,2012,636.1
TAMIL NADU,2013,741.9
TAMIL NADU,2014,913.0
TAMIL NADU,2015,1204.6
TELANGANA,1901,827.7
TELANGANA,1902,630.4
TELANGANA,1903,1283.4
TELANGANA,1904,526.7
TELANGANA,1905,724.9
TELANGANA,1906,855.2
TELANGANA,1907,843.7
TELANGANA,1908,982.8
TELANGANA,1909,769.5
TELANGANA,1910,975.9
TELANGANA,1911,662.0
TELANGANA,1912,743.8
TELANGANA,1913,732.2
TELANGANA,1914,1083.5
TELANGANA,1915,1022.0
TELANGANA,1916,1162.6
TELANGANA,1917,1206.0
TELANGANA,1918,554.7
TELANGANA,1919,894.6
TELANGANA,1920,437.0
TELANGANA,1921,1003.3
TELANGANA,1922,767.5
TELANGANA,1923,786.2
TELANGANA,1924,944.5
TELANGANA,1925,1167.9
TELANGANA,1926,763.5
TELANGANA,1927,1005.5
TELANGANA,1928,1006.4
TELANGANA,1929,790.5
TELANGANA,1930,835.8
TELANGANA,1931,1183.1
TELANGANA,1932,949.9
TELANGANA,1933,1396.3
TELANGANA,1934,927.9
TELANGANA,1935,898.5
TELANGANA,1936,1157.0
TELANGANA,1937,866.1
TELANGANA,1938,1175.3
TELANGANA,1939,740.0
TELANGANA,1940,1082.6
TELANGANA,1941,594.4
TELANGANA,1942,906.9
TELANGANA,1943,899.3
TELANGANA,1944,960.5
TELANGANA,1945,1027.4
TELANGANA,1946,822.8
TELANGANA,1947,1005.5
TELANGANA,1948,915.0
TELANGANA,1949,1038.6
TELANGANA,1950,761.3
TELANGANA,1951,900.8
TELANGANA,1952,729.7
TELANGANA,1953,1272.1
TELANGANA,1954,928.4
TELANGANA,1955,1203.2
TELANGANA,1956,1120.5
TELANGANA,1957,983.2
TELANGANA,1958,1113.9
TELANGANA,1959,1224.1
TELANGANA,1960,839.5
TELANGANA,1961,1146.5
TELANGANA,1962,1138.7
TELANGANA,1963,1010.1
TELANGANA,1964,887.5
TELANGANA,1965,778.9
TELANGANA,1966,970.9
TELANGANA,1967,942.1
TELANGANA,1968,748.7
TELANGANA,1969,1047.1
TELANGANA,1970,970.3
TELANGANA,1971,729.1
TELANGANA,1972,670.7
TELANGANA,1973,1042.5
TELANGANA,1974,830.4
TELANGANA,1975,1215.8
TELANGANA,1976,1035.6
TELANGANA,1977,808.6
TELANGANA,1978,1311.7
TELANGANA,1979,791.7
TELANGANA,1980,922.6
TELANGANA,1981,1143.5
TELANGANA,1982,933.2
TELANGANA,1983,1497.5
TELANGANA,1984,742.8
TELANGANA,1985,785.9
TELANGANA,1986,1007.3
TELANGANA,1987,976.9
TELANGANA,1988,1544.9
TELANGANA,1989,1161.0
TELANGANA,1990,1425.7
TELANGANA,1991,849.1
TELANGANA,1992,863.5
TELANGANA,1993,885.6
TELANGANA,1994,975.7
TELANGANA,1995,1286.0
TELANGANA,1996,986.8
TELANGANA,1997,856.0
TELANGANA,1998,1093.0
TELANGANA,1999,863.8
TELANGANA,2000,1078.0
TELANGANA,2001,922.3
TELANGANA,2002,765.3
TELANGANA,2003,963.2
TELANGANA,2004,667.0
TELANGANA,2005,1163.1
TELANGANA,2006,1053.0
TELANGANA,2007,843.3
TELANGANA,2008,1035.3
TELANGANA,2009,666.3
TELANGANA,2010,1276.4
TELANGANA,2011,753.1
TELANGANA,2012,1008.6
TELANGANA,2013,1348.7
TELANGANA,2014,746.4
TELANGANA,2015,857.3
Tripura,1901,2168.4
Tripura,1902,2175.0
Tripura,1903,2230.7
Tripura,1904,2519.8
Tripura,1905,2527.6
Tripura,1906,2514.4
Tripura,1907,2121.7
Tripura,1908,2319.3
Tripura,1909,2308.7
Tripura,1910,2267.9
Tripura,1911,2479.8
Tripura,1912,2308.8
Tripura,1913,2613.2
Tripura,1914,2529.2
Tripura,1915,2819.9
Tripura,1916,2555.0
Tripura,1917,2222.2
Tripura,1918,3013.3
Tripura,1919,2047.9
Tripura,1920,2375.8
Tripura,1921,2638.2
Tripura,1922,2462.6
Tripura,1923,2685.5
Tripura,1924,2701.7
Tripura,1925,2447.5
Tripura,1926,2463.2
Tripura,1927,2887.5
Tripura,1928,2472.4
Tripura,1929,2859.4
Tripura,1930,2487.4
Tripura,1931,2461.1
Tripura,1932,2761.7
Tripura,1933,2451.8
Tripura,1934,3040.8
Tripura,1935,2543.3
Tripura,1936,2917.1
Tripura,1937,2741.6
Tripura,1938,2971.6
Tripura,1939,2608.3
Tripura,1940,2526.7
Tripura,1941,2966.2
Tripura,1942,2680.9
Tripura,1943,2427.9
Tripura,1944,2877.3
Tripura,1945,3051.9
Tripura,1946,3036.2
Tripura,1947,3210.2
Tripura,1948,2822.1
Tripura,1949,2976.3
Tripura,1950,2423.0
Tripura,1951,2609.3
Tripura,1952,2810.9
Tripura,1953,2661.6
Tripura,1954,2905.1
Tripura,1955,2865.0
Tripura,1956,3022.7
Tripura,1957,2303.9
Tripura,1958,1968.6
Tripura,1959,2327.6
Tripura,1960,1799.9
Tripura,1961,1901.2
Tripura,1962,1822.5
Tripura,1963,2970.0
Tripura,1964,2328.7
Tripura,1965,2031.0
Tripura,1966,2478.6
Tripura,1967,2229.9
Tripura,1968,2110.0
Tripura,1969,3610.0
Tripura,1970,4316.2
Tripura,1971,3080.7
Tripura,1972,1353.8
Tripura,1973,2105.8
Tripura,1974,2329.6
Tripura,1975,2209.7
Tripura,1976,2651.4
Tripura,1977,2358.5
Tripura,1978,2150.8
Tripura,1979,1749.2
Tripura,1980,2305.0
Tripura,1981,2072.2
Tripura,1982,2027.5
Tripura,1983,2588.0
Tripura,1984,2454.0
Tripura,1985,2105.3
Tripura,1986,2342.3
Tripura,1987,2361.3
Tripura,1988,2820.2
Tripura,1989,2359.0
Tripura,1990,2582.3
Tripura,1991,2851.9
Tripura,1992,2221.4
Tripura,1993,2881.7
Tripura,1994,1712.5
Tripura,1995,2340.2
Tripura,1996,2194.5
Tripura,1997,2212.0
Tripura,1998,2225.4
Tripura,1999,2233.0
Tripura,2000,2363.9
Tripura,2001,2149.0
Tripura,2002,2242.3
Tripura,2003,2162.2
Tripura,2004,2353.7
Tripura,2005,1836.7
Tripura,2006,1872.0
Tripura,2007,2538.2
Tripura,2008,1748.9
Tripura,2009,1737.7
Tripura,2010,2295.2
Tripura,2011,1892.1
Tripura,2012,1922.9
Tripura,2013,1557.2
Tripura,2014,1599.9
Tripura,2015,1922.4
UTTARAKHAND,1901,1562.5
UTTARAKHAND,1902,1324.2
UTTARAKHAND,1903,1306.5
UTTARAKHAND,1904,1492.0
UTTARAKHAND,1905,1302.1
UTTARAKHAND,1906,1537.9
UTTARAKHAND,1907,1194.4
UTTARAKHAND,1908,1256.2
UTTARAKHAND,1909,1717.7
UTTARAKHAND,1910,1963.9
UTTARAKHAND,1911,1542.9
UTTARAKHAND,1912,1394.5
UTTARAKHAND,1913,1137.6
UTTARAKHAND,1914,1940.9
UTTARAKHAND,1915,1601.3
UTTARAKHAND,1916,1678.8
UTTARAKHAND,1917,2102.9
UTTARAKHAND,1918,1215.2
UTTARAKHAND,1919,1583.1
UTTARAKHAND,1920,1328.4
UTTARAKHAND,1921,1848.7
UTTARAKHAND,1922,1860.0
UTTARAKHAND,1923,1582.9
UTTARAKHAND,1924,1927.1
UTTARAKHAND,1925,1535.0
UTTARAKHAND,1926,1381.2
UTTARAKHAND,1927,1649.9
UTTARAKHAND,1928,1241.9
UTTARAKHAND,1929,1212.2
UTTARAKHAND,1930,1271.2
UTTARAKHAND,1931,1334.1
UTTARAKHAND,1932,1369.6
UTTARAKHAND,1933,1595.8
UTTARAKHAND,1934,1339.0
UTTARAKHAND,1935,1137.2
UTTARAKHAND,1936,1912.3
UTTARAKHAND,1937,1533.6
UTTARAKHAND,1938,1529.3
UTTARAKHAND,1939,1142.6
UTTARAKHAND,1940,1223.7
UTTARAKHAND,1941,1061.6
UTTARAKHAND,1942,1711.4
UTTARAKHAND,1943,1366.7
UTTARAKHAND,1944,1198.9
UTTARAKHAND,1945,1648.0
UTTARAKHAND,1946,1526.7
UTTARAKHAND,1947,1359.8
UTTARAKHAND,1948,1535.4
UTTARAKHAND,1949,1412.1
UTTARAKHAND,1950,1584.1
UTTARAKHAND,1951,1174.3
UTTARAKHAND,1952,1477.8
UTTARAKHAND,1953,1565.8
UTTARAKHAND,1954,1862.9
UTTARAKHAND,1955,1666.9
UTTARAKHAND,1956,1943.0
UTTARAKHAND,1957,1780.7
UTTARAKHAND,1958,1499.0
UTTARAKHAND,1959,1743.0
UTTARAKHAND,1960,1540.1
UTTARAKHAND,1961,1948.3
UTTARAKHAND,1962,1647.4
UTTARAKHAND,1963,1802.0
UTTARAKHAND,1964,1769.6
UTTARAKHAND,1965,1305.7
UTTARAKHAND,1966,1465.8
UTTARAKHAND,1967,1556.2
UTTARAKHAND,1968,1478.6
UTTARAKHAND,1969,1635.7
UTTARAKHAND,1970,1293.5
UTTARAKHAND,1971,1803.8
UTTARAKHAND,1972,1077.8
UTTARAKHAND,1973,1239.7
UTTARAKHAND,1974,1161.8
UTTARAKHAND,1975,1580.3
UTTARAKHAND,1976,986.3
UTTARAKHAND,1977,1416.3
UTTARAKHAND,1978,2031.4
UTTARAKHAND,1979,1072.3
UTTARAKHAND,1980,1333.5
UTTARAKHAND,1981,1356.1
UTTARAKHAND,1982,1372.1
UTTARAKHAND,1983,1525.3
UTTARAKHAND,1984,1339.1
UTTARAKHAND,1985,1653.7
UTTARAKHAND,1986,1514.5
UTTARAKHAND,1987,987.3
UTTARAKHAND,1988,1602.4
UTTARAKHAND,1989,1263.8
UTTARAKHAND,1990,1564.9
UTTARAKHAND,1991,1020.7
UTTARAKHAND,1992,1108.1
UTTARAKHAND,1993,1594.1
UTTARAKHAND,1994,1441.7
UTTARAKHAND,1995,1616.1
UTTARAKHAND,1996,1401.4
UTTARAKHAND,1997,803.4
UTTARAKHAND,1998,1198.6
UTTARAKHAND,1999,1185.5
UTTARAKHAND,2000,1712.9
UTTARAKHAND,2001,1544.4
UTTARAKHAND,2002,1574.7
UTTARAKHAND,2003,1734.3
UTTARAKHAND,2004,1219.6
UTTARAKHAND,2005,1348.2
UTTARAKHAND,2006,1178.9
UTTARAKHAND,2007,1924.3
UTTARAKHAND,2008,1363.7
UTTARAKHAND,2009,847.8
UTTARAKHAND,2010,1424.0
UTTARAKHAND,2011,1564.7
UTTARAKHAND,2012,1223.9
UTTARAKHAND,2013,1735.4
UTTARAKHAND,2014,1287.4
UTTARAKHAND,2015,1247.6
Uttar Pradesh,1901,1649.1
Uttar Pradesh,1902,1641.8000000000002
Uttar Pradesh,1903,2024.8000000000002
Uttar Pradesh,1904,2016.4
Uttar Pradesh,1905,1325.1
Uttar Pradesh,1906,1976.4
Uttar Pradesh,1907,1255.8
Uttar Pradesh,1908,1611.0
Uttar Pradesh,1909,2009.9
Uttar Pradesh,1910,1992.3000000000002
Uttar Pradesh,1911,1865.5
Uttar Pradesh,1912,1684.1
Uttar Pradesh,1913,1356.7
Uttar Pradesh,1914,1876.3
Uttar Pradesh,1915,2212.3
Uttar Pradesh,1916,2316.1000000000004
Uttar Pradesh,1917,2336.7
Uttar Pradesh,1918,1022.6
Uttar Pradesh,1919,1992.5
Uttar Pradesh,1920,1483.0
Uttar Pradesh,1921,2107.0
Uttar Pradesh,1922,2364.8
Uttar Pradesh,1923,1978.5
Uttar Pradesh,1924,2184.0
Uttar Pradesh,1925,2057.8999999999996
Uttar Pradesh,1926,1906.5
Uttar Pradesh,1927,1965.4
Uttar Pradesh,1928,1449.4
Uttar Pradesh,1929,1664.9
Uttar Pradesh,1930,1857.6
Uttar Pradesh,1931,1977.8999999999999
Uttar Pradesh,1932,1444.5
Uttar Pradesh,1933,2012.8
Uttar Pradesh,1934,1966.1000000000001
Uttar Pradesh,1935,1704.4
Uttar Pradesh,1936,2763.9
Uttar Pradesh,1937,1712.0
Uttar Pradesh,1938,2104.6
Uttar Pradesh,1939,1666.1
Uttar Pradesh,1940,1650.6999999999998
Uttar Pradesh,1941,1314.6
Uttar Pradesh,1942,2116.8
Uttar Pradesh,1943,1951.5
Uttar Pradesh,1944,1831.8
Uttar Pradesh,1945,1946.4
Uttar Pradesh,1946,1935.5
Uttar Pradesh,1947,1815.5
Uttar Pradesh,1948,2351.2
Uttar Pradesh,1949,2037.7
Uttar Pradesh,1950,1785.4
Uttar Pradesh,1951,1481.4
Uttar Pradesh,1952,1811.1999999999998
Uttar Pradesh,1953,2028.7
Uttar Pradesh,1954,1849.0
Uttar Pradesh,1955,2485.2
Uttar Pradesh,1956,2318.5
Uttar Pradesh,1957,1960.9
Uttar Pradesh,1958,2182.2
Uttar Pradesh,1959,1637.5
Uttar Pradesh,1960,2299.8
Uttar Pradesh,1961,2412.6
Uttar Pradesh,1962,1870.2
Uttar Pradesh,1963,1926.0
Uttar Pradesh,1964,2038.6
Uttar Pradesh,1965,1359.0
Uttar Pradesh,1966,1463.8
Uttar Pradesh,1967,2186.6000000000004
Uttar Pradesh,1968,1533.3
Uttar Pradesh,1969,1902.6999999999998
Uttar Pradesh,1970,1996.1
Uttar Pradesh,1971,2314.2
Uttar Pradesh,1972,1252.0
Uttar Pradesh,1973,1761.6
Uttar Pradesh,1974,1551.1
Uttar Pradesh,1975,2215.0
Uttar Pradesh,1976,1576.7
Uttar Pradesh,1977,1908.4
Uttar Pradesh,1978,2360.5
Uttar Pradesh,1979,1254.5
Uttar Pradesh,1980,2473.2
Uttar Pradesh,1981,1849.6999999999998
Uttar Pradesh,1982,2079.7
Uttar Pradesh,1983,2396.5
Uttar Pradesh,1984,1858.0
Uttar Pradesh,1985,2133.1000000000004
Uttar Pradesh,1986,1650.5
Uttar Pradesh,1987,1291.5
Uttar Pradesh,1988,2120.7
Uttar Pradesh,1989,1627.1999999999998
Uttar Pradesh,1990,2064.1
Uttar Pradesh,1991,1623.9
Uttar Pradesh,1992,1684.0
Uttar Pradesh,1993,1605.9
Uttar Pradesh,1994,1717.0
Uttar Pradesh,1995,1687.3
Uttar Pradesh,1996,1951.5
Uttar Pradesh,1997,938.5
Uttar Pradesh,1998,1528.2
Uttar Pradesh,1999,1739.1999999999998
Uttar Pradesh,2000,1718.1999999999998
Uttar Pradesh,2001,1635.5
Uttar Pradesh,2002,1314.3000000000002
Uttar Pradesh,2003,2143.9
Uttar Pradesh,2004,1389.1999999999998
Uttar Pradesh,2005,1496.0
Uttar Pradesh,2006,1161.4
Uttar Pradesh,2007,1313.7
Uttar Pradesh,2008,1753.1999999999998
Uttar Pradesh,2009,1159.4
Uttar Pradesh,2010,1512.9
Uttar Pradesh,2011,1558.6
Uttar Pradesh,2012,992.3000000000001
Uttar Pradesh,2013,1974.2
Uttar Pradesh,2014,1188.1
Uttar Pradesh,2015,1186.0
West Bengal,1901,3600.7999999999997
West Bengal,1902,4528.1
West Bengal,1903,3758.8
West Bengal,1904,3553.0
West Bengal,1905,4671.9
West Bengal,1906,4013.6
West Bengal,1907,3867.0
West Bengal,1908,3388.2
West Bengal,1909,4367.9
West Bengal,1910,4432.0
West Bengal,1911,4459.1
West Bengal,1912,4141.0
West Bengal,1913,4761.9
West Bengal,1914,3798.0
West Bengal,1915,3815.2
West Bengal,1916,5077.3
West Bengal,1917,4617.4
West Bengal,1918,4376.8
West Bengal,1919,4026.7
West Bengal,1920,4247.7
West Bengal,1921,4813.6
West Bengal,1922,4657.5
West Bengal,1923,3774.2
West Bengal,1924,4217.4
West Bengal,1925,4160.2
West Bengal,1926,4343.1
West Bengal,1927,3922.7
West Bengal,1928,4493.9
West Bengal,1929,4488.6
West Bengal,1930,3565.3
West Bengal,1931,4352.3
West Bengal,1932,4022.5
West Bengal,1933,4381.4
West Bengal,1934,3730.3
West Bengal,1935,3800.2
West Bengal,1936,4165.9
West Bengal,1937,4090.9
West Bengal,1938,4587.1
West Bengal,1939,4289.5
West Bengal,1940,3678.7
West Bengal,1941,4519.1
West Bengal,1942,3981.0
West Bengal,1943,4363.8
West Bengal,1944,3989.6
West Bengal,1945,4026.9
West Bengal,1946,4482.7
West Bengal,1947,3897.1
West Bengal,1948,4468.7
West Bengal,1949,4781.4
West Bengal,1950,4378.1
West Bengal,1951,3897.1
West Bengal,1952,4666.4
West Bengal,1953,4099.8
West Bengal,1954,4135.6
West Bengal,1955,4261.1
West Bengal,1956,4599.7
West Bengal,1957,3356.0
West Bengal,1958,3971.4
West Bengal,1959,4393.0
West Bengal,1960,3856.0
West Bengal,1961,3594.6
West Bengal,1962,3695.2999999999997
West Bengal,1963,3894.2
West Bengal,1964,4259.9
West Bengal,1965,4026.3999999999996
West Bengal,1966,3634.0
West Bengal,1967,4208.9
West Bengal,1968,4976.5
West Bengal,1969,3828.9
West Bengal,1970,4350.8
West Bengal,1971,5326.6
West Bengal,1972,3747.8
West Bengal,1973,4539.8
West Bengal,1974,4812.3
West Bengal,1975,4129.8
West Bengal,1976,4034.5
West Bengal,1977,4747.1
West Bengal,1978,4250.3
West Bengal,1979,3669.6
West Bengal,1980,4669.6
West Bengal,1981,4878.3
West Bengal,1982,3448.7
West Bengal,1983,4302.4
West Bengal,1984,4580.1
West Bengal,1985,4451.3
West Bengal,1986,4156.4
West Bengal,1987,4777.0
West Bengal,1988,4822.9
West Bengal,1989,4480.9
West Bengal,1990,5526.6
West Bengal,1991,4681.5
West Bengal,1992,3773.4
West Bengal,1993,4655.6
West Bengal,1994,3658.1000000000004
West Bengal,1995,5493.8
West Bengal,1996,4304.3
West Bengal,1997,4209.1
West Bengal,1998,5287.8
West Bengal,1999,5280.3
West Bengal,2000,4480.1
West Bengal,2001,4153.2
West Bengal,2002,4160.3
West Bengal,2003,4220.0
West Bengal,2004,4284.1
West Bengal,2005,4412.6
West Bengal,2006,3922.6
West Bengal,2007,4580.3
West Bengal,2008,4245.1
West Bengal,2009,3639.6
West Bengal,2010,3677.1000000000004
West Bengal,2011,4105.2
West Bengal,2012,3900.2
West Bengal,2013,4170.2
West Bengal,2014,3584.0
West Bengal,2015,4048.8999999999996
